case_id,risk_1,risk_2,risk_4,repair_profile
case_b5e5a807f835b08e5618,0.6747259020805358,0.4041896849870682,0.20094262659549714,"[0.13755722816982363, 0.27885798562594066, 0.25832246907065093, 0.3252623171335847]"
case_94a15d835ba9a04d7a80,0.7317072749137878,0.44639025926589965,0.223663592338562,"[0.037989242978434104, 0.10261563173452157, 0.4486109597660193, 0.41078416552102504]"
case_67593c266cb99b81ec20,0.8718182563781738,0.6272267937660218,0.3361885130405426,"[0.0704396374317332, 0.607052553443217, 0.2351244021829093, 0.08738340694214061]"
case_73e55cc14ee35a5484d8,0.4603884756565094,0.2160143107175827,0.094474096596241,"[0.4133161102931731, 0.17729194207613502, 0.2117627876295877, 0.1976291600011041]"
case_0a7e9699e2d60129ca29,0.7755064725875854,0.4959791421890259,0.2513881504535675,"[0.037895274992053085, 0.23555826597413035, 0.24471080655912492, 0.48183565247469173]"
case_d073307e40b123db689e,0.6142711877822876,0.3485338479280472,0.16926543265581132,"[0.1196544579205714, 0.17218370894522148, 0.21947272365342482, 0.4886891094807823]"
case_323580c5e672e3019d61,0.7451860904693604,0.4914861798286438,0.2548633009195328,"[0.1825246271577761, 0.46410607677421517, 0.23349432932414, 0.1198749667438687]"
case_95f2e7fa4e1a13617634,0.684960412979126,0.4234213292598724,0.21219069510698318,"[0.17851759168726566, 0.1385422510824468, 0.21023435263300785, 0.4727058045972798]"
case_349e90f01d2dc2d756fe,0.7560385704040528,0.5028650522232055,0.2604135230183601,"[0.20790635703641638, 0.414755917742391, 0.2877996851648337, 0.08953804005635896]"
case_4f35229dad45457fdfbb,0.6993760883808136,0.4417928159236908,0.2226429596543312,"[0.11340877708691507, 0.14178366470925066, 0.20243685272048162, 0.5423707054833525]"
case_d4af9dcbfeeea6ebb567,0.7502223014831543,0.4836335241794586,0.2499079406261444,"[0.11461832516290635, 0.3597813474281904, 0.4223597143562791, 0.10324061305262404]"
case_78d2b87104e4197ba804,0.8534002900123596,0.6206651985645294,0.33060025572776797,"[0.05181343612970579, 0.08616327367348911, 0.33973318144043774, 0.5222901087563673]"
case_5b5d5aa25073438cba4d,0.7198457002639771,0.46367939114570617,0.23346031904220582,"[0.18835844129635912, 0.1382225012030937, 0.261459375090613, 0.4119596824099341]"
case_a9dbda11cddc3d47430c,0.4399917423725128,0.20149945318698884,0.08671728447079659,"[0.10807457636787225, 0.42559514039284907, 0.28381958798127455, 0.18251069525800404]"
case_6098c58f3cc2dde603b4,0.6552676677703857,0.38222053050994875,0.18555968403816223,"[0.09882478766406001, 0.18289362002262408, 0.22118206868801546, 0.49709952362530035]"
case_a05b49700695c8bb6450,0.7437037229537964,0.4652211248874664,0.23601775467395783,"[0.04746017541168669, 0.19025184256639743, 0.4033219048455102, 0.35896607717640566]"
case_f1f3c94be9416a794e9e,0.6756636381149292,0.4031137049198151,0.1935971587896347,"[0.062437198777032486, 0.09994523778582257, 0.2578619736826629, 0.5797555897544819]"
case_d792116b8cff1188da0f,0.8346212387084961,0.5858027458190918,0.3126023977994919,"[0.11218619245595482, 0.1623534862626916, 0.2451655319716959, 0.4802947893096577]"
case_3f719fdaec1769c94033,0.5394705951213836,0.28080799877643586,0.13175779432058335,"[0.28143756507844486, 0.3121495131034166, 0.3156637462380837, 0.09074917558005491]"
case_f907b7bf46bc826e3ba2,0.6862554430961609,0.39311792850494387,0.19217460453510285,"[0.029881829084974283, 0.36698756155092827, 0.5226238207453225, 0.080506788618775]"
case_4442a15e121f877a8d18,0.7516317486763,0.5011588990688324,0.2597293883562088,"[0.34444015837371583, 0.21972537219115157, 0.33271078069077104, 0.10312368874436154]"
case_32e613a28741925afcc4,0.7196767687797546,0.4581027090549469,0.23096686899662017,"[0.18076560105846762, 0.22950417091617353, 0.2661580616303942, 0.3235721663949646]"
case_a64a4894d542b22007c3,0.8504957675933837,0.5837752223014832,0.30599779486656187,"[0.01680643267209102, 0.45966911413393885, 0.4631320427197396, 0.060392410474230586]"
case_00bd68b0622f8b2215ea,0.7260213375091553,0.4429768562316895,0.22383073568344117,"[0.16316488534212112, 0.4571681678295135, 0.2581655502319336, 0.12150139659643173]"
case_47a1ae76962f951f8307,0.6974696159362793,0.43482163548469543,0.21866664588451384,"[0.18471181071865275, 0.217552167438748, 0.20876810265731965, 0.3889679191852796]"
case_84d1a297671280253ba5,0.8169843077659606,0.5645438611507416,0.29475207924842833,"[0.12340447805029912, 0.18432289287766065, 0.32537794438329487, 0.3668946846887455]"
case_fac8f82f2045ef5607ae,0.6242885708808898,0.351930758357048,0.16788999736309052,"[0.19060506593258128, 0.14250141063887464, 0.17865257366735846, 0.4882409497611857]"
case_3b28442d6755493e5459,0.7854934811592102,0.51103977560997,0.26331821978092196,"[0.05668468682882759, 0.4069187557830966, 0.47712362336322234, 0.05927293402485358]"
case_3171e941071d745c6a40,0.5824053287506104,0.3144759744405746,0.14829907715320587,"[0.2912289299724331, 0.405274870952406, 0.19754273148221724, 0.1059534675929437]"
case_4051f4c1dde024955fe8,0.6719797134399415,0.40646587312221527,0.19878614097833633,"[0.15762566594500593, 0.1675498289432364, 0.1609557104181924, 0.5138687946935653]"
case_6c2b99a4055be3ad845d,0.6988919198513031,0.4485979825258255,0.22427234202623367,"[0.18748642327265977, 0.2857955451521344, 0.21970707145376941, 0.3070109601214365]"
case_ea8a704e17b22086e039,0.6288089990615845,0.3569009780883789,0.17372207641601561,"[0.27750615534579987, 0.24079910447952063, 0.3016555651099652, 0.18003917506471429]"
case_361c86101d98b7658d79,0.8385824084281921,0.5909393787384033,0.3171227931976318,"[0.2933235070408928, 0.28103096641477177, 0.2972053183307412, 0.12844020821359428]"
case_d5cec420e82227fc9744,0.8323197960853577,0.5947430491447449,0.31670606732368467,"[0.17564992415391056, 0.11602669431515482, 0.1887094103496934, 0.5196139711812413]"
case_abd7a16c9151cd544fc5,0.6748776197433471,0.42049490213394164,0.20906393527984618,"[0.26149282726066525, 0.29345419899334435, 0.3157228156155869, 0.12933015813040358]"
case_613a2d605e2a50babc1e,0.8255505681037902,0.5789762377738953,0.3095895707607269,"[0.19557771031700977, 0.38437636093700756, 0.27142202273018046, 0.14862390601580244]"
case_6aeceda4e1e3d64b77ee,0.7551467537879943,0.4892244338989258,0.2449909955263138,"[0.05273664362246439, 0.11033713574046118, 0.2470940270710131, 0.5898321935660614]"
case_2c712127fd90622f4156,0.7961723208427429,0.5095445990562439,0.259068438410759,"[0.018570062559193776, 0.2575085292989387, 0.4288006541913926, 0.2951207539504749]"
case_0fca949aae7d11583edf,0.6118102967739105,0.3459577292203903,0.16650257855653763,"[0.24308783662276903, 0.2504084877511551, 0.2518605760509149, 0.25464309957516107]"
case_391bbd8f0f1f577d3abc,0.7454359889030456,0.4718977451324463,0.2394673615694046,"[0.22865102431497097, 0.43796256193270827, 0.25374441998645697, 0.07964199376586387]"
case_52bccde3999ac1c2b1a4,0.7667693018913269,0.5045139908790588,0.2614892959594727,"[0.08082080767528947, 0.11597752199634244, 0.25181614001062724, 0.5513855303177408]"
case_064de3632eeb9fac7e8c,0.6927137851715088,0.41024497151374817,0.20125414580106735,"[0.033959791739064195, 0.13371828769142177, 0.23140059556848525, 0.6009213250010288]"
case_f995b520920ebcb072c7,0.7699972629547119,0.5186671257019043,0.2702094838023186,"[0.0640241829303635, 0.2696230654639838, 0.5121867012960212, 0.15416605030963149]"
case_a8e4c2ac6cd57cb6fdb5,0.6703383922576904,0.40942647457122805,0.20088179111480714,"[0.2926047466863051, 0.07078054673875356, 0.150006073415388, 0.48660863315955344]"
case_e83141c1300b2492bc5f,0.6656824350357056,0.3972813606262207,0.19633404314517974,"[0.4656569823050566, 0.17795857044631247, 0.19334196982745058, 0.16304247742118036]"
case_ac2f2841a250abf52ee3,0.8084733366966248,0.5390372812747956,0.2799229592084885,"[0.07170936656138414, 0.5239413843944616, 0.2866757856704468, 0.11767346337370742]"
case_dd3f3465ff23ce76ec97,0.8011859059333801,0.5502381742000579,0.28520656526088717,"[0.3194885363784575, 0.279330573168508, 0.15332133302140835, 0.2478595574316263]"
case_681efb801570a479c4e4,0.6250823259353637,0.3682923197746277,0.17630068063735962,"[0.25532137155532836, 0.195615491271019, 0.11493650376796723, 0.4341266334056854]"
case_04297bdf0916e75fc4b5,0.5797987222671509,0.3055899888277054,0.14321282804012297,"[0.06200520764141887, 0.3245076773133072, 0.34067046020875097, 0.27281665483652306]"
case_8c914a7bafdf73e6f2cb,0.7018470048904419,0.4164275825023651,0.2064746528863907,"[0.015061387166035578, 0.17374625842018648, 0.5883181777892129, 0.22287417662456505]"
case_7c1b404155e1db3680c6,0.76274254322052,0.508117389678955,0.26447522938251494,"[0.34658871837468636, 0.35538499600382895, 0.19508122027653274, 0.10294506534495196]"
case_b0ea16b81b14f657e51e,0.6892399907112121,0.42652466893196106,0.214203542470932,"[0.05078305657944409, 0.34160235683429924, 0.3762384890919452, 0.23137609749431146]"
case_3e66169801c1aab633d5,0.836760413646698,0.5907061219215393,0.31079179644584654,"[0.15967520405217153, 0.17912688998050552, 0.2803167315589361, 0.3808811744083868]"
case_8e6528665166d6d3a600,0.7982195377349853,0.5421135306358338,0.28157204389572144,"[0.09513792874445687, 0.1129750279297124, 0.19177621966350322, 0.6001108236623275]"
case_ef343b5afc916536ed35,0.6712828040122986,0.40618517994880676,0.19850757122039794,"[0.10890205424334293, 0.1415611729296201, 0.1983974475002821, 0.5511393253267547]"
case_e46e6c0a6e73187bb39d,0.7404356360435486,0.4879378616809845,0.25106901824474337,"[0.20986951368813836, 0.21393195475218213, 0.26090684701633776, 0.31529168454334167]"
case_3955be0d8e2154368778,0.7935879230499268,0.5411079943180084,0.2817223250865936,"[0.09794614037725825, 0.10566741673993926, 0.17906738906758965, 0.6173190538152128]"
case_acf6b288e7696715c2da,0.7441397309303284,0.4775408685207367,0.24042168259620667,"[0.06153546230160488, 0.1886326760630515, 0.2774603995283419, 0.4723714621070016]"
case_5c060a5b51294229b854,0.7168852329254151,0.45851744413375856,0.23202438354492189,"[0.17939760249314546, 0.1763431505233927, 0.20273807528082796, 0.44152117170263383]"
case_d9cabac9cb2fee7d74fa,0.7752767682075501,0.5046458065509796,0.25770260095596315,"[0.13739104112853764, 0.2547017249159129, 0.4970951207631427, 0.11081211319240675]"
case_a9d161489f5efa29d2c9,0.5841545104980469,0.32699714303016664,0.15318087637424468,"[0.1610099205019455, 0.1862798288173635, 0.23074561907638597, 0.42196463160430503]"
case_4bc9b2e96f8c79790a10,0.8509355545043945,0.5847509264945984,0.3078963041305542,"[0.027960195009425207, 0.3719624339148542, 0.5025141535317472, 0.09756321754397332]"
case_f38581f3db75e3719eff,0.583983314037323,0.31664017140865325,0.14971331208944322,"[0.06609939208098253, 0.29960080139666134, 0.31324458163552693, 0.321055224886829]"
case_483bd666b1d4910b3481,0.6366205215454102,0.37365525364875796,0.18149382174015044,"[0.1370248197075746, 0.10896143187330447, 0.146215882644464, 0.6077978657746569]"
case_a47430099d07293602e0,0.5484265208244323,0.29018221199512484,0.1358192205429077,"[0.18331505281178057, 0.32271256168415946, 0.3255485954663505, 0.1684237900377095]"
case_bb03f187187e6631a9b6,0.6151890814304352,0.3542273432016373,0.17307198345661162,"[0.25346291736800347, 0.18035011643275656, 0.281058246734912, 0.28512871946432805]"
case_764cb0a3b85a09445a1b,0.777694833278656,0.5165045499801636,0.2641621619462967,"[0.03815175686781697, 0.11768166584919829, 0.4339435978955277, 0.41022297938745705]"
case_7b4710f1b9d241a08820,0.5474758207798004,0.27940126657485964,0.12858007848262787,"[0.08156139976644979, 0.30727402131262627, 0.2677826470411028, 0.3433819318798213]"
case_ac51c125f57a18825e78,0.7090481638908386,0.4422965407371521,0.21913231313228607,"[0.13796902835846145, 0.18140436235200116, 0.36228880233335914, 0.31833780695617836]"
case_7a746770d65c9df5a696,0.7567466974258423,0.49320973753929137,0.25192010700702666,"[0.15412680712862725, 0.16972470480367716, 0.23965974903309492, 0.4364887390346006]"
case_9b5dd33776f8d347ddaf,0.6932489514350891,0.41623937487602236,0.20496151447296143,"[0.06838339799932489, 0.13471217249265544, 0.5116932132733519, 0.2852112162346679]"
case_4df873d71e3b0099622d,0.7814351439476013,0.5156927585601807,0.2646593779325485,"[0.2753457969621103, 0.29515983826330267, 0.2621487057108031, 0.16734565906378404]"
case_301d3d427312275aa63b,0.6081511378288269,0.34371644258499146,0.1679512605071068,"[0.12862205534120363, 0.2709213203286856, 0.5260470521287182, 0.07440957220139258]"
case_a33ce25d5ea36cc41b7d,0.8299023151397705,0.588224732875824,0.31259947419166567,"[0.2002852682754421, 0.3769605497727366, 0.3249946994521, 0.09775948249972137]"
case_8bfe5b7fc008eb180600,0.6803171515464783,0.4286559700965881,0.21319705843925477,"[0.722341322333561, 0.13141015409193124, 0.059453664586969455, 0.08679485898753825]"
case_719616a7262994030e27,0.712420392036438,0.44065830707550047,0.21917568445205687,"[0.022756868270704278, 0.09040735827834784, 0.5086267838415257, 0.3782089896094222]"
case_f09f4a3d2e90541383dd,0.5084416329860687,0.2532785475254059,0.11672698557376862,"[0.1759323284858375, 0.3769587550487407, 0.27483023054746, 0.17227868591796178]"
case_d19e3c4f4e7025034227,0.72141352891922,0.4559521973133087,0.22961971163749695,"[0.14534537710764078, 0.2800813269627292, 0.3047003821238933, 0.2698729138057368]"
case_cc68bdad7767fbda5c0d,0.7121578812599182,0.435552054643631,0.21631722450256347,"[0.026369056507612457, 0.13003069921958899, 0.28659253748498026, 0.5570077067878183]"
case_30c523c856d425aa73c9,0.7435968518257141,0.48058695793151857,0.24744901359081267,"[0.13017154939089232, 0.3305417583016658, 0.39102558215650357, 0.14826111015093826]"
case_239ceab9c35090d27270,0.48077050447463987,0.2342533737421036,0.10372820645570754,"[0.15588998843852445, 0.20346074472970427, 0.20595659681458106, 0.43469267001719025]"
case_f854d3b5f52ec303ca34,0.43774232268333435,0.20413155853748322,0.08601269870996475,"[0.3725370223032934, 0.1827432876159406, 0.19067611736642565, 0.2540435727143405]"
case_44239306b41ba2d4dd04,0.6916302919387818,0.4144859850406647,0.2035746157169342,"[0.04992993481446793, 0.1260854231209836, 0.24269086754723024, 0.5812937745173182]"
case_c18b8b33f609eb46ff8e,0.7695398092269897,0.5083045303821564,0.26058894395828247,"[0.156740742777012, 0.1628963364060605, 0.28046296542400007, 0.3998999553929274]"
case_2696378885d6d84bc17d,0.8346572160720825,0.5867196798324585,0.3129851996898651,"[0.14328063651698494, 0.652852567605698, 0.14618535412602313, 0.057681441751293756]"
case_34bc7d5dbb48aed2b336,0.7975968241691589,0.5500509440898895,0.2929815649986267,"[0.13954240872080217, 0.4977532574597264, 0.2941212307223996, 0.0685831030970718]"
case_8b98bb2a160734957b63,0.5379094123840332,0.2765661418437958,0.1273722380399704,"[0.0522186208263371, 0.24601194601596968, 0.3223894640536644, 0.3793799691040288]"
case_025e6534fce3a31f2c78,0.6784773588180542,0.4089040458202362,0.20139082670211791,"[0.14092291550544558, 0.28199179533569174, 0.34207839446234345, 0.2350068946965193]"
case_8a3c4f4054db58cfb9a0,0.5687661230564117,0.3102745056152344,0.14650157392024993,"[0.30306837323985547, 0.28341877500318025, 0.17151768412015064, 0.24199516763681375]"
case_70a3d198681eca422894,0.8656388998031617,0.632973575592041,0.3434548914432526,"[0.13935430637386853, 0.49133949582970443, 0.29440986338609537, 0.07489633441033164]"
case_31b4f3e1d9b5f6bfe077,0.7044153451919556,0.432716429233551,0.21448454409837722,"[0.27986415260736675, 0.4939674305357452, 0.15869806453752805, 0.06747035231935994]"
case_2291299da96248d209af,0.581770658493042,0.31784106492996217,0.14949543923139572,"[0.12469483762251944, 0.16929269687635176, 0.25960183464531505, 0.4464106308558138]"
case_0aa7d669aa478fdee42d,0.8131896257400513,0.5629265129566192,0.2972519934177399,"[0.34594397148562556, 0.2808989310030209, 0.24661360332156315, 0.1265434941897904]"
case_6cf8cf41bf55810af3c2,0.8322731494903565,0.5806170761585235,0.30640641748905184,"[0.2111919473184175, 0.20397058168984958, 0.32788073303254517, 0.25695673795918783]"
case_b4c62b42908b3221915a,0.7398038625717163,0.4900736451148987,0.24699801206588745,"[0.15735133351534553, 0.13639335412275352, 0.22072126877806106, 0.4855340435838398]"
case_58ef3f10cbacbb143e6a,0.6007277071475983,0.3320546895265579,0.15750791132450104,"[0.057969518804913536, 0.1733407864172365, 0.30038486957091254, 0.4683048252069375]"
case_f27453ef2b11a0479075,0.5962022542953491,0.32517813742160795,0.152507421374321,"[0.06838151255349027, 0.1423693783606696, 0.3020899190644701, 0.48715919002137015]"
case_d5c94925523020086326,0.6251941442489624,0.3674570590257645,0.17214983999729155,"[0.22909055184777086, 0.25789092981511835, 0.16407094902801947, 0.34894756930909115]"
case_b9da7db7a66e439320c8,0.7742559790611268,0.4996489703655243,0.25624859929084776,"[0.10257434325348096, 0.31505123611577773, 0.43538772788187663, 0.1469866927488647]"
case_edfe8787ee006600f1ee,0.788179075717926,0.5326493144035339,0.2763683259487152,"[0.1086656023949337, 0.15932824682889093, 0.20169231087725897, 0.5303138398989163]"
case_9de300cabfafdd31d5df,0.8234173417091369,0.5872085213661193,0.30885571539402007,"[0.1397360544863688, 0.12946308989612842, 0.3226833683804663, 0.4081174872370366]"
case_5f1cdec221dc7f03058a,0.6788352727890015,0.3833919823169708,0.1865681529045105,"[0.038990316220452285, 0.5083748418151414, 0.37341352395150906, 0.07922131801289731]"
case_e64f0dd4c1d9cab22d52,0.6345859110355377,0.364677494764328,0.17588623911142348,"[0.09529023408106382, 0.32135186485522577, 0.20959717930678545, 0.3737607217569249]"
case_0e45b2d6c54fd782b70d,0.6472555577754975,0.3761530965566635,0.18157657086849213,"[0.13963074257914834, 0.2864804540373094, 0.2639744583725549, 0.30991434501098747]"
case_8c292d43cbc5f067b46e,0.5717207372188569,0.3105624496936798,0.14913897663354875,"[0.16042827087289763, 0.5865276586623458, 0.16947351704224295, 0.08357055342251353]"
case_8cdb9249c8f437007802,0.6306345283985137,0.3653690189123154,0.17612963616847993,"[0.21583610679834658, 0.17787843787172855, 0.1775539173976974, 0.42873153793222746]"
case_39ebb78abab9c1ca071c,0.6146204590797424,0.34771343767642976,0.16476324796676636,"[0.06996902310165494, 0.13277588815618382, 0.3133513387587025, 0.48390374998345886]"
case_808df6441ccb84b489e9,0.7858673810958863,0.5185947299003602,0.26731313169002535,"[0.25934747689378984, 0.29789214102529415, 0.22769174779377951, 0.2150686342871365]"
case_a43e0fb0d8fc11f9c661,0.707113790512085,0.43801196813583376,0.22131175994873048,"[0.24147383236665454, 0.3524253482335429, 0.25492898187796925, 0.15117183752183344]"
case_1dc215e75c292310ee78,0.8063560128211975,0.5508433222770691,0.28980142772197726,"[0.1595765929272581, 0.48334591408555616, 0.2740212407824845, 0.08305625220470128]"
case_021d3c319acb3d38d5a9,0.7100602984428406,0.4358731031417847,0.2179146260023117,"[0.09350302088564076, 0.1962016110933115, 0.38929538826874593, 0.3209999797523018]"
case_9de720e2b0492b369880,0.6803003787994385,0.3954491913318634,0.19654691517353057,"[0.1199023172867022, 0.4884716214123771, 0.30379642482046576, 0.08782963648045497]"
case_a1cc820931786834ccc1,0.7709596872329711,0.5058125793933869,0.26152717769145967,"[0.19621077454843555, 0.4378223096555821, 0.277905157252587, 0.08806175854339525]"
case_f9ed79c787faadeec4e6,0.7039620518684387,0.42887321710586546,0.21481994390487671,"[0.18420460659417964, 0.36649145757028057, 0.332454856726936, 0.1168490791086039]"
case_5905fe20765f4e0342c0,0.73020339012146,0.4737214267253876,0.23497120440006256,"[0.251922728132741, 0.1455320173235656, 0.21030725515071902, 0.3922379993929743]"
case_8137cec2c77c5a037fe8,0.5486169815063476,0.2931386440992355,0.13403337746858596,"[0.2630956303115507, 0.2313533904617444, 0.18900664955693436, 0.3165443296697705]"
case_a4638bb7a263114fecfa,0.8443413972854614,0.5920084953308106,0.3160333395004272,"[0.13439958004236974, 0.28039368485700455, 0.4430639783788208, 0.1421427567218049]"
case_208e4e853f6c9c6b2596,0.5581560134887695,0.2933831125497818,0.13647629618644713,"[0.08687178152379312, 0.42420796313959347, 0.19431939495473877, 0.29460086038187466]"
case_7c1f2cfdd0edfa5c167d,0.8569988965988159,0.625276505947113,0.3343812167644501,"[0.06399568627460944, 0.1564625365038695, 0.371701635579303, 0.40784014164221805]"
case_757a258bd220b6be17e5,0.5286070942878723,0.27102215588092804,0.12499475181102752,"[0.10946703290005143, 0.31263525457911673, 0.2785271019493197, 0.29937061057151215]"
case_b252c4cd4c60c46b89f6,0.8301304697990417,0.5968410909175873,0.3225211799144745,"[0.07979117691361291, 0.21328300992610313, 0.5737178308793741, 0.13320798228090988]"
case_d133f1f81a20431d2837,0.7631505131721497,0.5077430546283722,0.26583553552627565,"[0.06717768667871976, 0.32679682166554397, 0.5201988628755789, 0.0858266287801573]"
case_b85869d2d77a0a9b7399,0.8235526204109191,0.5555153727531433,0.2879222720861435,"[0.09646291035404016, 0.25660070505903065, 0.513326645438785, 0.13360973914814409]"
case_746051e2f3c31d868ea8,0.8336466550827026,0.6040525197982788,0.32309098839759826,"[0.06112348054399951, 0.1558840994120065, 0.3647562051069236, 0.41823621493707036]"
case_2eaad21d234ec7b2c7fc,0.7194887399673462,0.43927971124649046,0.22046349346637725,"[0.18151891827583316, 0.48708493113517765, 0.23059343993663792, 0.1008027106523514]"
case_5beec62dd191a09de5e1,0.6785707950592041,0.4171805679798126,0.20987627804279327,"[0.19980154931249544, 0.12459875530896716, 0.24502212174269739, 0.43057757363584]"
case_da273b44dda88528c58c,0.7766319751739502,0.5177990138530731,0.26908324360847474,"[0.05237868079295353, 0.24240603979794598, 0.2843121938443983, 0.4209030855647022]"
case_40e848afd9308c9468bc,0.7774296879768372,0.5266368806362152,0.26959367096424103,"[0.22723061664247915, 0.30449879711886396, 0.35996772231198865, 0.10830286392666816]"
case_a1bedeb3225a87cbdac9,0.5623486876487732,0.29532840847969055,0.13822947442531586,"[0.1099611752631594, 0.14805205078093975, 0.6445470056262791, 0.09743976832962174]"
case_2ffe9806985bf59f85a7,0.7664828062057495,0.5029417335987091,0.2597040295600891,"[0.12886595788421387, 0.3254686371352867, 0.5069084966889807, 0.038756908291518614]"
case_648d5a5b8c26b91414a6,0.6902759075164795,0.41519640684127807,0.20280030965805054,"[0.06456405533695413, 0.20545195352825932, 0.23524940793970137, 0.4947345831950852]"
case_058b29af700a43992fa6,0.7064779162406921,0.4301078677177429,0.21466743052005768,"[0.23653551030123596, 0.518096022401517, 0.18074109089704776, 0.06462737640019917]"
case_59535334acc68d710ce9,0.6286222457885742,0.3484546661376953,0.16767078936100005,"[0.06209893542197471, 0.11872939934898792, 0.46676122606054254, 0.3524104391684948]"
case_7c13a4aeb7fa7e61bd3e,0.4883030891418457,0.24506517946720124,0.10628793835639953,"[0.16506782425798544, 0.14113713804495343, 0.19810483936448728, 0.4956901983325738]"
case_ec4455f40b741f06de06,0.6773312330245972,0.41375868320465087,0.2051883429288864,"[0.17518154977660505, 0.29701393911972235, 0.4105483110258384, 0.11725620007783429]"
case_f8e7b124827b7e456e42,0.7673328995704651,0.49849950075149535,0.25617627501487733,"[0.04219348027609939, 0.18710163728849807, 0.4095056040086437, 0.36119927842675886]"
case_f47f85dbe6db451cf9e7,0.6592349290847779,0.39475300908088684,0.19059909582138063,"[0.2976130612372379, 0.16741605425316056, 0.1807192282325087, 0.3542516562770929]"
case_37d886274d4e40f8fac0,0.7377372145652771,0.47445889115333556,0.24410225450992584,"[0.15770767542096215, 0.4192211385640381, 0.29773931106433377, 0.12533187495066597]"
case_88b2737aba2408c30453,0.677763295173645,0.39253515005111694,0.1929168924689293,"[0.0760634146630764, 0.41015098690986634, 0.44398093819618223, 0.06980466023087502]"
case_fb350291f0d22590fa0a,0.6108916997909546,0.3433826833963394,0.165347883105278,"[0.09512573171863822, 0.1757490855319364, 0.310949786602369, 0.41817539614705634]"
case_6676bab1c926f4814f7c,0.7830375552177429,0.4960807263851166,0.25240890979766845,"[0.04074221721949196, 0.44341714782750596, 0.3984584445243667, 0.1173821904286355]"
case_af1e16ae61c224f10ef2,0.7534266829490661,0.48478026390075685,0.2482893466949463,"[0.04958793155173548, 0.09669898906899822, 0.34208903873410734, 0.511624040645159]"
case_d82c9577ca4b9d9c09e7,0.8444558501243591,0.6113027691841125,0.32875572741031645,"[0.07517494212549275, 0.10911077752676823, 0.3382685725078668, 0.47744570783987234]"
case_1d527760ae315df1910c,0.721549904346466,0.454192703962326,0.2266452729701996,"[0.2295195162538384, 0.17266096734316264, 0.1802327031746132, 0.4175868132283858]"
case_7fc5eb6bb43e68655ba3,0.6621433973312378,0.3929282635450363,0.1931794360280037,"[0.19443821936017008, 0.22455924931847934, 0.21390171380922451, 0.367100817512126]"
case_f3a1ae16bb1feb23911b,0.8704755783081055,0.6542179048061371,0.36156335175037385,"[0.15452246138985065, 0.34601165210907897, 0.3556123153371169, 0.1438535711639534]"
case_39e72cbb4b3a81227685,0.6809326887130738,0.4141871273517609,0.20538975447416305,"[0.14438035513615094, 0.11861773758296391, 0.23801360488422463, 0.49898830239666037]"
case_553f03f19994d5ee1cd4,0.6717747807502746,0.4142600238323212,0.2020164579153061,"[0.3080089433787921, 0.22912627117147638, 0.1356745938111157, 0.32719019163861585]"
case_4ad8b069ab022dad8aa6,0.7375519037246704,0.47856504321098325,0.24202061593532562,"[0.22517575444981, 0.1059167367576945, 0.17948601282175652, 0.489421495970739]"
case_d16b8caf9885d9bad0a2,0.7674030542373658,0.48056733012199404,0.2423581063747406,"[0.06341989668400656, 0.4657009331946758, 0.344526002481033, 0.12635316764028484]"
case_617a21bb8687a2bd8c17,0.4913955867290497,0.2442688524723053,0.10719230771064758,"[0.15942391221942784, 0.12106199128859925, 0.14956800840215695, 0.569946088089816]"
case_1bcd51c7adb14c69e940,0.6367135941982269,0.3776348471641541,0.18123420923948289,"[0.20900198241327664, 0.16694531217840267, 0.17917455835285542, 0.44487814705546525]"
case_f23d68ff2c994fea214c,0.5068128764629364,0.24946507215499877,0.11364035159349442,"[0.14469169087911746, 0.2541473941745267, 0.280320924295464, 0.32083999065089186]"
case_f19bd3a88b1e30720ce7,0.6483748853206635,0.3740359663963318,0.18300202637910842,"[0.161611279664443, 0.2556349845755691, 0.21790595237872432, 0.3648477833812636]"
case_3ea719ef1cd4bbeadfe7,0.7190652251243591,0.45272021293640136,0.2272593557834625,"[0.10190865281656956, 0.19332165169694993, 0.24675568783442417, 0.45801400765205635]"
case_fdc9ee103a4311e66955,0.8073971986770629,0.5438132882118225,0.28192870020866395,"[0.025752474405992737, 0.25677128770466334, 0.38181623873385223, 0.33565999915549155]"
case_8a5de5c002331e53bc4e,0.741509199142456,0.47826200127601626,0.23896638453006744,"[0.2248211794700448, 0.183935898970889, 0.20260875734427766, 0.38863416421478864]"
case_4ef4b5738aae253edcda,0.797369122505188,0.5396732032299042,0.28341832756996155,"[0.09297376489960762, 0.5779592402759859, 0.19183062143477242, 0.13723637338963413]"
case_706ad86a071b3d03d5c5,0.5478824138641357,0.28215448260307313,0.13009003549814224,"[0.056524247186899475, 0.3019870860923879, 0.25786573579930544, 0.38362293092140726]"
case_a47cbf3042bdbf0a5bd8,0.905311930179596,0.7038196682929992,0.38866664171218873,"[0.052923933767349024, 0.24479475435022446, 0.34091024144805787, 0.3613710704343686]"
case_fbc098d34dd78b5a96ca,0.7329014539718628,0.4649026691913605,0.23333127796649933,"[0.05197207140518169, 0.1272455210920176, 0.25305290729732466, 0.567729500205476]"
case_71edaddcb78cc15e79a3,0.5728204071521759,0.30834999978542327,0.14209758043289183,"[0.10264805125333565, 0.20759359627587565, 0.1786309265918769, 0.5111274258789119]"
case_a1d6a1d8df5c0258160b,0.7007721900939942,0.41299086809158325,0.2034057229757309,"[0.12033580182982082, 0.46119615849267964, 0.2619268994949192, 0.15654114018258036]"
case_49bafa8f8012b8a0aeac,0.8450566411018372,0.6113840103149414,0.3255564749240875,"[0.10699430665328703, 0.2644923514821444, 0.2625485456415624, 0.3659647962230062]"
case_654c1759f41d8bf856f0,0.6850605010986328,0.41196419596672057,0.20499685406684875,"[0.06625157933120822, 0.18792913844105524, 0.31369316659774654, 0.43212611562999004]"
case_119cbb2d05e3d9342623,0.6254987597465516,0.36928853392601013,0.1769416257739067,"[0.34032472803462904, 0.17930173920165587, 0.17516409363230853, 0.3052094391314066]"
case_38edbf39e85bd8c7c692,0.7954421401023865,0.5327285766601563,0.2767233312129974,"[0.16255863015649155, 0.5114347255124659, 0.24144868406371559, 0.084557960267327]"
case_f7470da9c12607384dfe,0.8477148175239563,0.6007039546966553,0.3210871398448944,"[0.15168637447894615, 0.5512974167765374, 0.2440794753925294, 0.05293673335198695]"
case_690daecdc613929f4448,0.6309580683708191,0.35469640493392945,0.17106014490127563,"[0.09773334541459913, 0.3496308783337276, 0.39319782178216967, 0.15943795446950368]"
case_10869fd7e7c63fb2db6b,0.7517592072486877,0.49208420515060425,0.25276565849781035,"[0.23042808014409588, 0.12140432668569283, 0.223255698223446, 0.42491189494676523]"
case_176a4b7711e8a6bb25ea,0.5458898544311523,0.28267371356487275,0.12988491654396056,"[0.11194074615946513, 0.3284066198690493, 0.3607718996559847, 0.19888073431550088]"
case_c6c5537fb8f75f2cc6e3,0.7085878133773804,0.45409166216850283,0.22633665204048156,"[0.39439442044233847, 0.1724949205949394, 0.13483111973058792, 0.2982795392321342]"
case_f4ff615ec2ca061ab055,0.7791621327400208,0.5252226650714874,0.2775195449590683,"[0.3315999274271719, 0.38820144044967014, 0.16525331758971995, 0.1149453145334381]"
case_90bef31b79ca6a9f67bc,0.7649834990501404,0.509430855512619,0.26239759624004366,"[0.0799428611095037, 0.24988843407390474, 0.5657993839858422, 0.10436932083074936]"
case_db7fe86f18650b025160,0.8430504679679871,0.6025590419769287,0.3194653570652008,"[0.05179627410376292, 0.09136141388496259, 0.21604604785925177, 0.6407962641520226]"
case_309b8db591db1361f6be,0.7896716952323913,0.5126177310943604,0.26172775626182554,"[0.0882642848082845, 0.466882976786079, 0.2935392918944198, 0.15131344651121675]"
case_905a0a9eb1d0da76429b,0.6831833958625794,0.41272035241127014,0.20264320075511932,"[0.27130112607583234, 0.22199811604321287, 0.24137419128213203, 0.26532656659882287]"
case_b9d4312265e00b7dad5b,0.6509458899497986,0.38068206906318663,0.18850413262844085,"[0.25407384217558465, 0.370392095931898, 0.2741800233483609, 0.10135403854415652]"
case_4ab7108b86ac890d677e,0.6658160984516144,0.4076939284801483,0.20158910900354385,"[0.32069844519259394, 0.21287255182418163, 0.1751968377805133, 0.291232165202711]"
case_56ec5e56b0a460051c38,0.7406991600990296,0.4621778964996338,0.23534493446350097,"[0.3134424022553361, 0.2840567933389913, 0.2540034335762826, 0.14849737082939013]"
case_02aa1700baca77c3d2e4,0.733016288280487,0.46664645373821256,0.2358340248465538,"[0.08963588774204254, 0.18152100443840027, 0.3529703408479691, 0.3758727669715881]"
case_aca2f9b2b2be88548e6a,0.7973397612571717,0.5466051042079926,0.2834581106901169,"[0.4184952970185437, 0.21992066309033342, 0.12282277667173498, 0.2387612632193879]"
case_50e10404b7ef230f81ba,0.6666392982006073,0.3919092744588852,0.19392137676477433,"[0.11945727011096374, 0.21065170051343332, 0.28965884099235883, 0.38023218838324413]"
case_5cff3b983ae6bd46d74a,0.7827450037002563,0.4950109601020813,0.25092658698558806,"[0.04709102747718354, 0.37421934998392087, 0.45884628317433823, 0.11984333936455738]"
case_3425ec292d6bd5769d5e,0.8477322340011597,0.6109507322311402,0.3252378821372986,"[0.18841718471993693, 0.1438323399792174, 0.17859842819810848, 0.4891520471027371]"
case_4131791a821e5b8e5ad9,0.6497725129127503,0.380343359708786,0.18439126312732695,"[0.34689917083858457, 0.1749056732643327, 0.1600125406385963, 0.3181826152584865]"
case_7b7c55271028678459a3,0.48870459794998167,0.24079059958457946,0.10654781609773636,"[0.18815948188496948, 0.11319504242492359, 0.20290145062010784, 0.49574402506999904]"
case_82df32d9994f5c3b4ff8,0.7273101925849914,0.434951388835907,0.2160053551197052,"[0.05121218428376968, 0.5447018281957562, 0.31394132767302196, 0.09014465984745224]"
case_1331b765186a50b9c37d,0.7644835710525513,0.5032044589519501,0.2586042910814285,"[0.15205324852506252, 0.21534035366282128, 0.33479995976984467, 0.2978064380422714]"
case_c9db49c31e42c708000a,0.8037884593009949,0.548098361492157,0.2842380940914154,"[0.10462733462931866, 0.25162176026947836, 0.46439170441106653, 0.17935920069013658]"
case_335429c81d948c6f7d07,0.6930476665496826,0.41489417552948,0.2052202880382538,"[0.047929502733084876, 0.27163032600486325, 0.5136310168390725, 0.16680915442297947]"
case_fcc2d1951c41db990c13,0.799020254611969,0.5493189692497253,0.2871269524097443,"[0.2543140907080822, 0.20756922329758234, 0.4216414086034221, 0.11647527739091332]"
case_935a59d82244242d2ec9,0.8420153021812439,0.600652277469635,0.32243173718452456,"[0.059757368195279055, 0.29882975445873977, 0.42275055194991673, 0.2186623253960644]"
case_54b3d451846c322280f3,0.786898958683014,0.529361218214035,0.2752905607223511,"[0.1980217502258066, 0.35280014750360894, 0.29705062296052936, 0.1521274793100551]"
case_f0392de0b5f7fcfe9b5b,0.6135129153728485,0.3556815594434738,0.16887626945972442,"[0.09942324719248799, 0.12745053260495018, 0.21943329683380755, 0.5536929233687543]"
case_42ab60399c7ac0bfbea7,0.6702974319458008,0.39553935527801515,0.19568144381046296,"[0.11547601179796729, 0.20444707100252868, 0.3440361599138968, 0.3360407572856073]"
case_d0ee885aef7938017873,0.8622700572013855,0.6414136946201324,0.35088764131069183,"[0.18277435507000636, 0.5366681635752488, 0.21058102783465046, 0.06997645352009446]"
case_02c9e7610c313f3410fc,0.5843922853469848,0.31517471075057985,0.14975374937057495,"[0.2459208021761018, 0.3269686543731737, 0.32511114420145687, 0.10199939924926775]"
case_9ba4bbcf6f9afea19701,0.7919746160507202,0.524364173412323,0.27199631929397583,"[0.04820263924813679, 0.21140097293056145, 0.525612787238605, 0.21478360058269663]"
case_f23bfbbe3134402ff741,0.875481641292572,0.6433609366416931,0.34635344743728635,"[0.1853166124020905, 0.4836322524684236, 0.24216304611834974, 0.08888808901113608]"
case_09fbf9be7253686493bb,0.4932683348655701,0.24041540622711183,0.10838077813386918,"[0.08502680896995612, 0.2740774391867847, 0.23584079690409537, 0.40505495493916377]"
case_22405417a1d2677d2acb,0.7388260245323182,0.4649781286716461,0.23347540497779845,"[0.06922100720506007, 0.14454629590022897, 0.24460916300467406, 0.5416235338900369]"
case_a2b1ca1441d3322c3161,0.6010744988918304,0.32592116892337797,0.15683040171861648,"[0.1532080777714711, 0.16388148125692653, 0.37487038374256176, 0.3080400572290407]"
case_6188676ad2a0aa024f9e,0.5129956543445587,0.2529177963733673,0.11504479795694351,"[0.07633465975522995, 0.23782852292060852, 0.1587666466832161, 0.5270701706409454]"
case_de52bb8d08317abaa71c,0.4669961750507355,0.2207871377468109,0.09753460437059402,"[0.1265442015626195, 0.2896455620074951, 0.15693689161082638, 0.4268733448190589]"
case_d86ec5c051147eaa8487,0.4322773218154907,0.19845914840698242,0.08299504294991493,"[0.14753796871074382, 0.10663064759905304, 0.28569666658097503, 0.4601347171092281]"
case_ff052d015e3f1e7c67a8,0.6356079936027527,0.38634738326072693,0.1899884447455406,"[0.23709445184036262, 0.19631659119772402, 0.11514069455137951, 0.45144826241053376]"
case_3c4bf00fc58923d70212,0.5796030402183533,0.3224441707134247,0.1529312863945961,"[0.1464851856988558, 0.17908433453318578, 0.1928632955254408, 0.4815671842425176]"
case_a44e1d6dd704e15f8d2d,0.7559226274490356,0.4705154299736023,0.237509086728096,"[0.05815303593347129, 0.605669268787142, 0.2918252750912481, 0.04435242018813868]"
case_e802204ca7fbc77a0ee3,0.6754991412162781,0.39152626395225526,0.19272951781749725,"[0.05183846142553939, 0.38604061093786496, 0.3571725972529633, 0.2049483303836323]"
case_5bce7a83b3244e139100,0.6647108674049378,0.4009883046150208,0.19479939490556716,"[0.17601894946120916, 0.12410645632870741, 0.12438927441107361, 0.5754853197990097]"
case_43aa3013afcdc44923a2,0.596121346950531,0.3307863146066666,0.15507409274578093,"[0.18602367660367972, 0.17264003198385192, 0.28648774196970844, 0.3548485494427599]"
case_864261955a65903cc925,0.6698071837425232,0.3920029401779175,0.1919896960258484,"[0.08235535383230598, 0.15318189353360562, 0.2726546893047239, 0.49180806332936444]"
case_4be1026a81244acb004c,0.7282514452934266,0.45548773407936094,0.22961299121379852,"[0.05192681071619331, 0.2658602036378521, 0.5849214903652189, 0.09729149528073558]"
case_18cb62870424afb937c1,0.6742095947265625,0.4097596675157547,0.2038647785782814,"[0.09096057103642097, 0.2671579496259774, 0.3220206089817675, 0.3198608703558342]"
case_5061a4a5d8c7abc6cd79,0.7415575981140137,0.47031611800193784,0.23716332614421845,"[0.05413631815939142, 0.16531103793986168, 0.24457379795567538, 0.5359788459450716]"
case_1e60e446e91760b621d6,0.7175482392311097,0.4663568675518036,0.23102837204933166,"[0.28168405092955084, 0.20005737870769172, 0.110488651544922, 0.40776991881783536]"
case_c77aa3f9181ba9b8a89a,0.746947193145752,0.4841710448265076,0.2509018570184708,"[0.22393165413131064, 0.15471054338620685, 0.20465534359910387, 0.4167024588833786]"
case_a408661b338ab3e3d144,0.6204671502113343,0.3410160064697266,0.1642456442117691,"[0.043457353195937846, 0.30773113261072477, 0.3653136037393192, 0.2834979104540183]"
case_cb4b2b54bb7a07a70854,0.5288904726505279,0.2802618533372879,0.12856604903936386,"[0.2442199118263123, 0.24088967216280005, 0.18640014584779785, 0.32849027016308985]"
case_72c3690eae51c0503572,0.697399377822876,0.43207399249076844,0.21339815557003022,"[0.2878418159321873, 0.19886564558192987, 0.21303301927885915, 0.30025951920702365]"
case_6574eb5343f6ed4df347,0.6809946894645691,0.3988676846027374,0.19492558538913726,"[0.02699853552356471, 0.15271172810143846, 0.25271729808098276, 0.5675724382940139]"
case_b9bf67e8e7c71b1cb98e,0.7589017629623414,0.49993019104003905,0.2572176158428192,"[0.15113421836188365, 0.16494095050481952, 0.5129508489231108, 0.17097398221018595]"
case_e9dc05f79658c04a4e97,0.43998597264289857,0.20729321241378784,0.08781526610255241,"[0.35164362712856817, 0.1483828544711129, 0.13647905392189988, 0.3634944644784191]"
case_e34d4376277ffd79911a,0.7568737864494324,0.5038347959518432,0.25549115240573883,"[0.2765541143252219, 0.31803914254787136, 0.21172403658258807, 0.1936827065443186]"
case_c6eefed53e81afb38d71,0.7044304251670838,0.43167598843574523,0.21303642690181732,"[0.05203270308370486, 0.09449732438549799, 0.21227956978637047, 0.6411904027444268]"
case_87e92c29237aaee696b7,0.6328850984573364,0.36654998660087584,0.1761325016617775,"[0.2069990992024608, 0.21092339596954437, 0.22329616380262252, 0.3587813410253723]"
case_ce6bbc382fe1acf8e630,0.7954378485679626,0.5374911844730377,0.2799829691648483,"[0.18768381420468147, 0.21347950335300117, 0.31134354975419176, 0.2874931326881256]"
case_087e033825335ee552f9,0.8819448947906494,0.6753800511360168,0.37604889273643494,"[0.2240146741271019, 0.1665247932076454, 0.19526821970939637, 0.41419231295585635]"
case_55d171084d7f5553b7e8,0.6806812047958374,0.4254821240901947,0.2148133933544159,"[0.26799235371307945, 0.2666693003973863, 0.3456306414812272, 0.11970770440830701]"
case_f6ce177778c867f0d9b3,0.7634419918060302,0.49411302208900454,0.25211607217788695,"[0.09620017129972744, 0.19052092021463213, 0.41159657638576286, 0.3016823320998775]"
case_5764e0e009ba7096452b,0.45291885137557986,0.2122558981180191,0.0917982891201973,"[0.15197902687778633, 0.16238207740656468, 0.17192092018688135, 0.5137179755287676]"
case_15da52a4ff06d512443f,0.6585718274116517,0.36752339005470275,0.17765386402606964,"[0.08372289950081065, 0.5035190651061076, 0.3135888015455462, 0.09916923384753575]"
case_1e8c75a10a3a5d1d13b9,0.69467214345932,0.4224525630474091,0.2070018470287323,"[0.06918460893554189, 0.17861376258376885, 0.2930740570844601, 0.45912757139622923]"
case_44b2f025bb1e496b13c8,0.7679877877235413,0.5072371959686279,0.25801750719547273,"[0.17040440924630018, 0.10945872603641159, 0.14831980129624067, 0.5718170634210477]"
case_675520be87c211154f29,0.6295015454292298,0.3658026993274689,0.17521252781152724,"[0.3090330323307722, 0.20398574410681203, 0.18005701249820882, 0.3069242110642069]"
case_f3d7b4b5a354776f287f,0.9200272679328918,0.7280604004859924,0.4058157503604889,"[0.31107846266717865, 0.320919815295042, 0.296297434745003, 0.07170428729277635]"
case_6efe2159a3844828ef0c,0.7424794793128967,0.47653505206108093,0.24045286029577256,"[0.20254908409656186, 0.2960659289829024, 0.3856901808298805, 0.11569480609065526]"
case_444716e44ebf499a96b0,0.5308861434459686,0.27605063915252687,0.12473589032888413,"[0.15745541233961846, 0.17503070753054006, 0.34368654931923803, 0.3238273308106035]"
case_d17bd10720a6bf0712a2,0.6420114159584045,0.37517890334129333,0.17880582213401794,"[0.07829934300259245, 0.09838240967406027, 0.14782098272576197, 0.6754972645975853]"
case_c5130f6f3d7462afa8c6,0.8030667424201965,0.5379903554916382,0.27933643460273744,"[0.08492028039184693, 0.16471303089588857, 0.305426525343068, 0.44494016336919645]"
case_b364297a853f4435ed63,0.715820825099945,0.4510695993900299,0.22639252841472626,"[0.6024055632841339, 0.20935352053037204, 0.08283104561493825, 0.10540987057055591]"
case_8b02071c00b5e40981aa,0.7291588902473449,0.4557579576969147,0.2275773197412491,"[0.23075505987934855, 0.22267685864384262, 0.17003930315433896, 0.37652877832246984]"
case_1eb68afacd16fbb8d090,0.8538180589675903,0.6293631494045258,0.3416492104530334,"[0.3279550825475977, 0.28365485114403793, 0.24186106956282416, 0.1465289967455402]"
case_ad8add65b666ee2a3036,0.5759816527366638,0.30737353563308717,0.14645179808139802,"[0.13791178562483405, 0.3307074546344421, 0.4205970362531609, 0.11078372348756296]"
case_b1c95b678b9e75d0efd3,0.5661277115345001,0.2974487841129303,0.14041533172130585,"[0.1682379181420493, 0.269448641977439, 0.19725935753076312, 0.3650540823497487]"
case_1e03f89f7e9ef082576f,0.7832246422767639,0.5226711630821228,0.2695241153240204,"[0.12269583248022636, 0.1958750390592021, 0.49977133758962394, 0.18165779087094763]"
case_806af362bca201fc43c2,0.7106164216995239,0.4396254301071167,0.21901945173740386,"[0.11680394666665285, 0.18788256337239118, 0.3203062869260175, 0.37500720303493856]"
case_392b51d286fc55aec97c,0.5895856380462646,0.32104607820510866,0.1535038024187088,"[0.2130680452100888, 0.3108963084812742, 0.2897788530217629, 0.18625679328687408]"
case_9801ed28708f7ab0dcc1,0.6772170901298523,0.39785473942756655,0.19567473232746124,"[0.18529887292732702, 0.5097956258295877, 0.26701764502598097, 0.03788785621710446]"
case_f59083132894c1fcde07,0.7775143265724183,0.5265901803970336,0.2785819202661514,"[0.2864330215145634, 0.30041884318181356, 0.29228642713555586, 0.12086170816806724]"
case_ac9cf49047680a03811d,0.7382149934768677,0.47229552268981934,0.2380612313747406,"[0.24167527813468256, 0.19974854081756716, 0.23513414666861662, 0.3234420343791337]"
case_7617eea8a167e248d7ba,0.6728017568588257,0.39529783725738527,0.1920333206653595,"[0.02967232428045784, 0.11768835778725145, 0.1941221315436746, 0.6585171863886161]"
case_fbda05e1e0688ebd269a,0.7699799537658691,0.49884321689605715,0.2582825720310211,"[0.07756125757116024, 0.35595859447619554, 0.44671964692259264, 0.11976050103005151]"
case_54ae689533a88ebafd27,0.7302684903144836,0.473463249206543,0.239371594786644,"[0.4139881730079651, 0.14925244003534316, 0.18256519883871078, 0.25419418811798095]"
case_f00030aa380931580ef2,0.7722031593322753,0.49660041332244875,0.2526989489793777,"[0.04031850540293877, 0.20470686035733707, 0.679939667985495, 0.07503496625422909]"
case_369da7746145124cc8b0,0.4913139998912811,0.23895089626312255,0.108124740421772,"[0.2916403718915554, 0.43079061187214696, 0.18286424440991697, 0.09470477182638071]"
case_cc24ee17c97e0d72108d,0.7838231325149536,0.4918954253196716,0.24848768413066863,"[0.02765211792332221, 0.40649178762542143, 0.48639469429483356, 0.07946140015642267]"
case_8aaef557e60ca2c99fe7,0.6908828139305114,0.4187487244606018,0.2064218193292618,"[0.12105939171804085, 0.18708838187894136, 0.27023889833261555, 0.4216133280704022]"
case_4b947aa1025c61016861,0.6134792268276215,0.36210744082927704,0.1743200659751892,"[0.24599733515229424, 0.14763796292978923, 0.15802438161255006, 0.44834032030536636]"
case_045108d90ed66e2528bb,0.6706007242202758,0.40856761038303374,0.20574272125959397,"[0.21165789726870626, 0.17889402860073456, 0.2371740914498988, 0.3722739826806605]"
case_d0af4a74b52c8e09dbad,0.6364634573459625,0.3772594004869461,0.1811985194683075,"[0.15554085188459335, 0.1273763492420155, 0.15983591187195884, 0.5572468870014323]"
case_e00e31d1a0744692c2f0,0.6511745691299439,0.38465364575386046,0.1888674795627594,"[0.20874588017908263, 0.3118088621604971, 0.34466279354490514, 0.13478246411551514]"
case_f22ec45ff52c1b413ac9,0.5963811278343201,0.3250491738319397,0.15591936707496643,"[0.21086084175702055, 0.23103962895679864, 0.1909945617065401, 0.3671049675796409]"
case_f36e7be7517e935c71ef,0.647400188446045,0.3760958969593048,0.18120213896036147,"[0.211670184592364, 0.20179169235477812, 0.25411911899901485, 0.3324190040538429]"
case_739fe5d533be0112bc3d,0.8294329762458801,0.5749434947967529,0.3037904858589172,"[0.21956120702082293, 0.3028283471003011, 0.3518595530063458, 0.12575089287253033]"
case_3b7c6d2496a59c8f6450,0.6338685035705567,0.37747169137001035,0.18277920186519622,"[0.1819937395723633, 0.2149977676347597, 0.23004447992006827, 0.3729640128728088]"
case_a92f0929be5ea74d449e,0.8370040893554688,0.585119879245758,0.3093157887458801,"[0.13100431677621044, 0.18892281794685797, 0.3590073675296597, 0.3210654977472719]"
case_220c52a51604c2c0c466,0.8036530137062072,0.5493821263313293,0.2844183474779129,"[0.11697337078018075, 0.09188727352656832, 0.19534537945367897, 0.5957939762395719]"
case_100563e03bec7b85ee9f,0.6865047454833985,0.4162845194339752,0.2061913177371025,"[0.0839090941041709, 0.18804100772276844, 0.3042706708519976, 0.423779227321063]"
case_df3657f16a44d8cc807a,0.6959437131881714,0.43067169189453125,0.21699768602848052,"[0.14083341580504866, 0.26559587323680994, 0.35577697322603413, 0.23779373773210727]"
case_38f684c2da6e92b12da1,0.6030131101608276,0.33844186663627623,0.16226846128702163,"[0.08633267725111227, 0.1584684343611878, 0.2889627404994475, 0.46623614788825246]"
case_4e415174a3e164d56fbb,0.6638939619064331,0.40389069318771365,0.19633352756500244,"[0.26890278493666797, 0.3013157871091053, 0.1849255642459424, 0.24485586370828433]"
case_d29860eca1688add0ed0,0.7163767337799072,0.45871214270591737,0.23474138975143433,"[0.12723491151280833, 0.2080177484748103, 0.5650685941417725, 0.0996787458706089]"
case_f209555561dd025c4934,0.7827442407608032,0.539831817150116,0.28004583418369294,"[0.12222007403773003, 0.14608689713996442, 0.17302866423402427, 0.5586643645882812]"
case_f3687317e8641f954758,0.3833157420158386,0.16562710404396058,0.06592125967144966,"[0.506343095588522, 0.17779835457490456, 0.11210374553529524, 0.2037548043012782]"
case_8ba49adf16c80b4241c8,0.7846325278282166,0.5062163531780243,0.25893988609313967,"[0.03240285643236233, 0.21111953360757008, 0.34710756112351954, 0.40937004883654815]"
case_9f20a6053aaebd72d1da,0.7743252515792847,0.5137343466281891,0.26408731341362,"[0.15956376851255047, 0.13063368900666103, 0.114069224684399, 0.5957333177963895]"
case_a331cda97464fe7b7820,0.5960203409194946,0.33273026943206785,0.1598498672246933,"[0.20930917592243725, 0.3592777853597369, 0.20660842389853062, 0.22480461481929512]"
case_b23efaa8444e695b09a0,0.8066494345664978,0.5494800567626953,0.2852152109146118,"[0.08162278695649557, 0.053467202250078984, 0.18138266434812836, 0.6835273464452971]"
case_c243c61348e2e4e3a24e,0.4517356276512146,0.21515269875526427,0.09087695479393006,"[0.11921944994199603, 0.1219446487906894, 0.2551228210024665, 0.503713080264848]"
case_ca8f3f0d7b6a2f8db5e6,0.6839085221290588,0.4155705213546753,0.20825319290161132,"[0.25037618018967045, 0.3175580018576831, 0.2879846773146441, 0.14408114063800231]"
case_be0ba0626f3b674ed9fd,0.7708796620368957,0.5022965669631958,0.2586897641420364,"[0.25823356124410685, 0.3770437184416694, 0.2554864547329179, 0.10923626558130584]"
case_d4fa7a198e1a4c5ee235,0.7065386533737182,0.44657824039459226,0.22251089215278624,"[0.2432796354235351, 0.1314365557518633, 0.3238929473799801, 0.3013908614446215]"
case_002ff4070e7334220c29,0.772166621685028,0.518388694524765,0.2668498694896698,"[0.15884202170026904, 0.1480710689666005, 0.255709175037471, 0.4373777342956595]"
case_a43e8dbe7d92617cd3a7,0.750179135799408,0.4797337234020233,0.24628072679042817,"[0.06147157415812427, 0.23065599426736835, 0.252050141039005, 0.4558222905355022]"
case_0d8580dddfb1640ef678,0.8712713837623596,0.6422246694564819,0.3485811769962311,"[0.21704348623752595, 0.33386306166648866, 0.2943899750709534, 0.15470347702503204]"
case_983dee9d5db5b44b219d,0.5571151375770569,0.2987487643957138,0.13943551778793334,"[0.07241391403664452, 0.16008076500657956, 0.1938432354033841, 0.5736620855533917]"
case_9c3445c6293d1f0e95cf,0.4370233952999115,0.2010018438100815,0.08528488650918006,"[0.13902575836670214, 0.41440185963622916, 0.25539794690736756, 0.19117443508970114]"
case_e6a8203d52079b726dcd,0.7104961633682251,0.44053272604942323,0.21654897332191467,"[0.11270059631579735, 0.14640355829901172, 0.17978893257284412, 0.5611069128123468]"
case_2e675ec087716d1ed71d,0.8688732862472535,0.6279253005981446,0.3370563566684723,"[0.06934740451188494, 0.6297169975391679, 0.1951783971093315, 0.10575720083961578]"
case_4c8c4368bb7dd7e69d85,0.645838987827301,0.37495985329151155,0.18288404047489165,"[0.16150597568960542, 0.12016849100213145, 0.3482707243799256, 0.3700548089283375]"
case_1700d6bfa4f3748041a6,0.7163962244987487,0.4504347503185272,0.22558089196681977,"[0.07495257428810152, 0.09484325721551046, 0.25843987369061905, 0.571764294805769]"
case_020a1f7f094fd384c9be,0.5689528465270997,0.31056351959705353,0.14551353305578232,"[0.16339229789428977, 0.18681765067712353, 0.18665156233297195, 0.4631384890956148]"
case_bfd19d796966c7469655,0.6307979464530945,0.3662655293941498,0.17241050451993942,"[0.1298024839221691, 0.1795529803766912, 0.2803915476682321, 0.4102529880329076]"
case_04627e45f1de11ee2115,0.5453675627708435,0.28019801080226897,0.12989386767148972,"[0.06299396068392912, 0.2836693189238304, 0.4843401383071074, 0.16899658208513302]"
case_1b100a15d610a7bf6a90,0.6702603936195374,0.384329354763031,0.18831544518470764,"[0.08409757192163936, 0.1817929824644118, 0.43257048854997904, 0.3015389570639699]"
case_5f04aea028a4dcaf001e,0.7486773252487182,0.5127431213855743,0.2729522570967674,"[0.30885411178770844, 0.23178027924528427, 0.283169296410404, 0.17619631255660326]"
case_b77adea629e43d564dab,0.5718561887741089,0.312081378698349,0.14525919854640962,"[0.11708357190557622, 0.2271345722091464, 0.27054515871135226, 0.38523669717392517]"
case_70bc83ab12579cae6ac0,0.6691564559936524,0.39804395735263826,0.19600074589252472,"[0.12661835918967845, 0.185578720701375, 0.2425919281663916, 0.445210991942555]"
case_77768695e339bc5f5adf,0.7926366686820984,0.5108431041240692,0.26057043075561526,"[0.08874893601095422, 0.5457294887532976, 0.30268786979637896, 0.06283370543936909]"
case_5a40b14465cbc240943b,0.6296704411506653,0.35860326886177063,0.17512941360473633,"[0.2716231187553936, 0.22276347743543592, 0.35138748549958676, 0.15422591830958363]"
case_b7799c52f0e756733b08,0.8333235383033752,0.6016485929489136,0.3212762176990509,"[0.11658623509216887, 0.09900198595074136, 0.22392709699966926, 0.5604846819574204]"
case_99922595da1ab3514b00,0.6765448451042175,0.38542690873146057,0.18859931230545043,"[0.08484300266172955, 0.5018200169855501, 0.32351193325083993, 0.08982504710188033]"
case_60cf38763a1870776591,0.7172365248203277,0.46890953481197356,0.2328293263912201,"[0.1361523327552716, 0.1275269537561666, 0.18834258166926907, 0.5479781318192928]"
case_9b412316eed93e94af50,0.7764066219329834,0.5299002945423126,0.2758368492126465,"[0.7757299634174583, 0.10675724662589989, 0.04300097865576723, 0.07451181130087459]"
case_5a5b5956abbfcc2fea5b,0.5861509442329407,0.3225372970104218,0.1539258673787117,"[0.3864694776453776, 0.3571390238989063, 0.18211237781898387, 0.0742791206367322]"
case_e36b3e553b3839370b32,0.6017825603485107,0.33447709679603577,0.15771039873361586,"[0.03514108506691664, 0.17191868165249924, 0.49618930400592476, 0.29675092927465924]"
case_980f9f859b7ba0fd22c6,0.7601438999176026,0.49076986908912656,0.24749235212802886,"[0.08441475776884394, 0.16924653048670538, 0.23879604508645458, 0.5075426666579963]"
case_f33d57f195c630ad679e,0.6871094942092896,0.4318189024925232,0.2137656807899475,"[0.2309369301549218, 0.19329257554851767, 0.2350194519085643, 0.3407510423879962]"
case_24da9b79d4702d37aa48,0.629381513595581,0.3554800391197205,0.1706856906414032,"[0.2885541305094055, 0.36787816477950447, 0.20019675150616262, 0.14337095320492735]"
case_38d8801d7f25ce2bcbc7,0.7692704796791077,0.49905834794044496,0.2565597027540207,"[0.1286425493530486, 0.5282039667666296, 0.26028150457815924, 0.08287197930216253]"
case_c6c46124113b1fd122f3,0.5903108537197113,0.3421853184700012,0.1639772206544876,"[0.16868585481864865, 0.20709056114053676, 0.20581618554107284, 0.41840739849974173]"
case_c1a1c379fa56d538038b,0.7953590035438538,0.5489322781562805,0.2932049810886383,"[0.05131036965949831, 0.1542446107898686, 0.6840916413593845, 0.11035337819124848]"
case_1fa11dd8b08a6413a62f,0.8285193324089051,0.5807497203350067,0.3105947941541672,"[0.15371776125646783, 0.2899073207296286, 0.42850315922017007, 0.12787175879373355]"
case_3f3bfde563f9dae567c8,0.5983861207962036,0.34355024993419647,0.16442603170871734,"[0.18813801174698172, 0.16617762372116318, 0.20221284537518244, 0.44347151915667277]"
case_17081b3d00578b34fe8f,0.753054928779602,0.4870423376560211,0.24700492918491362,"[0.14939180408805972, 0.16086438296615363, 0.2276513981139027, 0.46209241483188396]"
case_eac15ce2809a35063d33,0.6609687745571137,0.4034643530845642,0.1972881883382797,"[0.09489527810218702, 0.17054638196092464, 0.22684000240388505, 0.5077183375330032]"
case_fa9a048411902fbbac1a,0.6607057452201843,0.39714344441890714,0.1933813139796257,"[0.14706085900612495, 0.17400637333842506, 0.2309999921582639, 0.44793277549718613]"
case_2c03081b0cde8288e84a,0.6777658283710479,0.4122644871473312,0.2066297397017479,"[0.1520220420953327, 0.176189022120997, 0.24758260179187952, 0.4242063339917908]"
case_d0b1ce7c238b4dbde01b,0.5112922012805938,0.27164588272571566,0.11997263133525848,"[0.2074761996313927, 0.20365132201212982, 0.17305928374194363, 0.415813194614534]"
case_543fabb7d4f9a1ba39d1,0.6094763040542602,0.33929518759250643,0.16273780465126036,"[0.08854501491683532, 0.06370308908875456, 0.36158014468554384, 0.4861717513088663]"
case_9cb80e659d4f5af4dc63,0.839851975440979,0.6031122207641602,0.31907655000686647,"[0.13863281036645642, 0.11960252565500863, 0.16965275255156084, 0.5721119114269742]"
case_d2921d7af22147d0a07a,0.49863317608833313,0.24477279484272002,0.11121596544981002,"[0.22320647472507557, 0.10323470491564712, 0.22736569880181534, 0.446193121557462]"
case_66d6624c25326ab4f49e,0.6930514097213745,0.408178848028183,0.20269343256950378,"[0.09262710186056165, 0.37731244451608525, 0.4584725008652434, 0.07158795275810971]"
case_fb682cbc59f29ff3db81,0.868633508682251,0.6303281307220459,0.339825040102005,"[0.12952487036729068, 0.5770588292255998, 0.20481401494282353, 0.08860228546428596]"
case_bb740eb2d90c9600ffbe,0.6808165073394775,0.4148075520992279,0.2026144653558731,"[0.1132363730592622, 0.1193481508015704, 0.29363793050095693, 0.47377754563821045]"
case_0a88ea48c3e731ccc7ab,0.7766756057739258,0.49616687297821044,0.2522035002708435,"[0.024620437297158373, 0.2775538470885244, 0.3068141787587708, 0.39101153685554646]"
case_055ac31c85cedf63b491,0.7438108205795289,0.4811314046382904,0.24552621841430664,"[0.0651306628981193, 0.3915043520451385, 0.26095613456587224, 0.28240885049086983]"
case_8bc7977c36566cfd7d97,0.8838992118835449,0.6535425305366516,0.3545101940631866,"[0.1500912733376026, 0.5305468380451203, 0.22354855239391327, 0.09581333622336388]"
case_56168618b711bed611bc,0.6333309650421143,0.3582685649394989,0.17400911152362825,"[0.2200461865055094, 0.1937445350179052, 0.3238525363365625, 0.26235674214002286]"
case_7d10c98650a26a0020af,0.7690436959266662,0.48211081624031066,0.24250207245349883,"[0.07472345161171365, 0.5120560077631141, 0.28684096573908363, 0.12637957488608864]"
case_6c33a1da43931fa866e2,0.6518731117248535,0.38157179951667786,0.18471969962120055,"[0.19038257201707956, 0.19122412699887484, 0.2140668764756079, 0.4043264245084376]"
case_b12e032ff9cd9690be67,0.588982355594635,0.3302826344966888,0.15753493160009385,"[0.33556440319601766, 0.2609220353796118, 0.1734540073850034, 0.23005955403936706]"
case_7fc5590447ef0f854f52,0.6213079392910004,0.3558878153562546,0.17233920693397523,"[0.5586273469236837, 0.21862723228904984, 0.1255813398437441, 0.0971640809435224]"
case_b9be9b4eb942a7e2f9be,0.5903139591217041,0.3281963348388672,0.1529564619064331,"[0.23848083046720434, 0.1830420152415749, 0.2593986389780369, 0.31907851531318393]"
case_e1561201082ff702639c,0.8420932292938232,0.6018422424793244,0.32355231046676636,"[0.14645999717435237, 0.18757383180881215, 0.18544064710880193, 0.48052552390803355]"
case_7ef6cb533d258015b6dc,0.8249265670776367,0.579543673992157,0.3064596474170685,"[0.23765669416309337, 0.29748349165205823, 0.3581627294208434, 0.10669708476400495]"
case_46a80eee63ee02b3d50f,0.7633883237838746,0.49557743668556214,0.25400627553462984,"[0.3187586946552166, 0.3329710734406133, 0.21207680293579578, 0.13619342896837444]"
case_c42ece2bfb10d80d241e,0.6109059154987335,0.3449444234371185,0.1669953405857086,"[0.2745047354524913, 0.20069408205339284, 0.2524995285012018, 0.27230165399291417]"
case_623fcc1be60b984859cc,0.8459840297698975,0.6137853384017944,0.32859348356723783,"[0.1584887344488858, 0.23686561494242883, 0.3337061767715694, 0.2709394738371161]"
case_dc1fb68d303bc1a8d4c3,0.545388376712799,0.2793228328227997,0.12982884645462037,"[0.05752009096160853, 0.18736985094850356, 0.391668577942444, 0.36344148014744393]"
case_c75944e97a887f54b28a,0.8545347571372985,0.6167933464050293,0.32862560749053954,"[0.10313469485593084, 0.2370975178467982, 0.1962161084280648, 0.46355167886920623]"
case_43a884dd4ead1989f597,0.8406490325927735,0.5895967483520508,0.31163125932216645,"[0.13124334556975972, 0.4429443577791246, 0.3204963593527349, 0.10531593729838076]"
case_9760cbc254d8cf2d6e57,0.731679093837738,0.4637355387210846,0.23865349888801574,"[0.04171881356646073, 0.2520448578610195, 0.27128364241550107, 0.4349526861570187]"
case_96762b9be23cbb5e7b03,0.7697778224945069,0.47659474015235903,0.23896397054195403,"[0.025789928522682963, 0.4770689706017647, 0.4052200795305999, 0.0919210213449523]"
case_7afddbb2a7209139c53a,0.6428944587707519,0.3804170608520508,0.1890513777732849,"[0.11963470733601202, 0.3043993943405223, 0.3845352067406748, 0.1914306915827907]"
case_d9b15cde2cf1f2d379da,0.6086892485618591,0.339855945110321,0.16361242681741714,"[0.1894911367327503, 0.3199688564540812, 0.35394785193235956, 0.13659215488080886]"
case_f89feca27a7337b696bd,0.6609153866767883,0.39718771874904635,0.19592393636703492,"[0.3506904237075213, 0.37607156002628145, 0.15696302141194077, 0.11627499485425642]"
case_8196fe0c160dab9198d9,0.5895651578903198,0.3204007178544998,0.15496786534786225,"[0.1723129486739126, 0.16217239491027508, 0.32769694308932107, 0.3378177133264912]"
case_1305820b4f776e999485,0.5789878845214844,0.32393846809864046,0.15666591972112656,"[0.2894603627291939, 0.29927791237400714, 0.27682791517274324, 0.13443380972405555]"
case_364137cb2afacab07176,0.6130309283733368,0.3337699383497238,0.1582495912909508,"[0.05295475599736952, 0.3486562007131871, 0.26985826144021324, 0.3285307818492301]"
case_16697a1eebffbcbbdecd,0.5203279733657837,0.2781739979982376,0.1273543119430542,"[0.3409626431439671, 0.19980853616649238, 0.1833161256954169, 0.2759126949941236]"
case_1932a1d0506ab908951e,0.5033812046051025,0.2500775635242462,0.11348455846309662,"[0.22231111957020233, 0.1650696615282873, 0.2890413122716028, 0.32357790662990754]"
case_11ff218c7394cc270566,0.7004040479660034,0.42901499271392823,0.2141654223203659,"[0.17792799542280438, 0.14029905435309237, 0.16878270133383855, 0.5129902488902647]"
case_7f5b67608db56fc31035,0.7074508309364319,0.44094072878360746,0.2221160352230072,"[0.06823780346967098, 0.1791603986670947, 0.24383578751185067, 0.5087660103513836]"
case_cd2c5d7356d8820fd250,0.7707906842231751,0.5080380916595459,0.258044570684433,"[0.08148699477846715, 0.09070746865520928, 0.2937304687553697, 0.5340750678109538]"
case_5c3d1406550d645eb65a,0.7698375821113587,0.5133859992027283,0.26338437497615813,"[0.40887319465443184, 0.20086191447515594, 0.14276746085511433, 0.2474974300152979]"
case_a38953b907da5894efcc,0.5771645724773407,0.3202157199382782,0.14784025996923447,"[0.256071541640904, 0.21771009777201408, 0.1755645592706565, 0.3506538013164255]"
case_62589176dceaaf1f9d39,0.7224006175994873,0.4562283158302307,0.23110544979572295,"[0.20503395383090336, 0.34558146308882354, 0.32571716003761136, 0.12366742304266176]"
case_667db2a1bfb65157d498,0.7083921551704406,0.44113039374351504,0.22434565424919128,"[0.09555400730010108, 0.3636646918269863, 0.4785401195559628, 0.06224118131694977]"
case_6f62d3e509ec22d1e36c,0.6165709853172302,0.3290147125720978,0.15712854266166687,"[0.06991439309537635, 0.42938058079977054, 0.38802122687145646, 0.11268379923339662]"
case_37a13bcda0ae3df8f70f,0.8276180267333985,0.5895874440670014,0.3166288763284683,"[0.3915109331807192, 0.2885467899232884, 0.21788349390518902, 0.1020587829908034]"
case_2d81b72e6066ff6caa06,0.6552685260772705,0.3690467596054077,0.17929606437683104,"[0.06684905310118543, 0.31386881756738627, 0.27731244622906775, 0.34196968310236053]"
case_d4608080eea2fa4e9497,0.6429354906082153,0.37377124428749087,0.18089516907930375,"[0.10302611003315985, 0.12864932076271066, 0.2432585587172539, 0.5250660104868756]"
case_fd4ca76c64fb8324ecd6,0.8328506827354432,0.587807834148407,0.31104263067245486,"[0.1917646951465047, 0.48624867813290745, 0.22135886584092537, 0.1006277608796625]"
case_8f993e413ed0cbd3d74f,0.8495648980140686,0.6093279600143433,0.3260459750890732,"[0.12421694734836032, 0.1800710431918582, 0.4311973422217923, 0.26451466723798905]"
case_5aafcfb9796e59bf9a0f,0.7113110780715942,0.44275473356246947,0.22244841158390044,"[0.07139462690263186, 0.1263786586022059, 0.27592037659275587, 0.5263063379024063]"
case_d38fbe45615b7a8e65a2,0.7554594278335571,0.5000134587287903,0.26163687705993655,"[0.38410283019220914, 0.26084921735847955, 0.2613610185852925, 0.09368693386401891]"
case_3a1540e15857098d36a8,0.7850371956825256,0.519804847240448,0.2703932702541351,"[0.20918418028752683, 0.47265374939599347, 0.20157497390048595, 0.11658709641599367]"
case_eb7822a03efdf07f24af,0.8387802481651306,0.605174082517624,0.3284144937992096,"[0.12910890521507454, 0.13609037487466466, 0.23486029698762168, 0.4999404229226392]"
case_86fb7781e97ec55f1033,0.7529947757720947,0.49697157740592957,0.248349866271019,"[0.41388804244704297, 0.23887248192789565, 0.14930285702507834, 0.1979366185999829]"
case_cd771065e8307dbee2db,0.714007031917572,0.43544496297836305,0.21769729852676392,"[0.18007264757286276, 0.3491286876641873, 0.29957728027541547, 0.1712213844875345]"
case_0aadddc4715e61c9b3cd,0.7305284261703491,0.4690756916999817,0.23541072905063629,"[0.340690705885177, 0.13826991562117397, 0.1936545814267353, 0.32738479706691376]"
case_8afa7a8fbb02a67d5928,0.5040458798408508,0.2586477011442184,0.11895536929368973,"[0.34316535456253316, 0.1432745401404364, 0.17636615870489988, 0.33719394659213053]"
case_8a08a9011553e3cf0942,0.7542398691177368,0.48705617189407346,0.24946810007095338,"[0.033327893937501844, 0.07148819805393677, 0.15932913418054817, 0.7358547738280132]"
case_cce18ef6ebb3ae29ae4c,0.5906933069229126,0.3219663560390472,0.15180960595607756,"[0.23553062817171488, 0.15466624943813498, 0.37727470859204054, 0.23252841379810962]"
case_f43c9548e3b9cff0adb5,0.7332309484481812,0.46947768330574036,0.2371560126543045,"[0.1441428656916532, 0.4494940280237104, 0.23453134579839985, 0.17183176048623644]"
case_eb566c5f801050ec496f,0.6739116907119751,0.4125409066677094,0.20296896994113922,"[0.3051496659542275, 0.09553364958549278, 0.09823847630573565, 0.501078208154544]"
case_d36f1ac162acc37f8ac9,0.8188438892364502,0.5887023448944092,0.3200058102607727,"[0.1208859808658161, 0.3951706298292454, 0.3008133460229828, 0.18313004328195562]"
case_04dd0fbf79fe5ada7312,0.5399249374866486,0.28633083403110504,0.13192355632781982,"[0.1282633898342095, 0.2375920979107486, 0.2759531460947121, 0.3581913661603297]"
case_ba18ffaaf91508dfad04,0.8550168991088867,0.6277281284332276,0.3340570628643036,"[0.15307745668235886, 0.1141023206032569, 0.12455661565970023, 0.608263607054684]"
case_3c6176e112150e091d11,0.7631285190582275,0.5309006750583649,0.2819754868745804,"[0.20866210778047384, 0.3733542883400833, 0.22216879625995745, 0.19581480761948544]"
case_4132a3b955cd71319419,0.47968905568122866,0.2361724317073822,0.10439313352108001,"[0.3772836910662816, 0.16860379205019976, 0.21037726347317068, 0.24373525341034794]"
case_905b2f99289a7d7d84d3,0.6614434838294982,0.3758686065673828,0.18443598449230195,"[0.14200232200024435, 0.4277439973258018, 0.29545811746604933, 0.1347955632079044]"
case_ad152b410cd07572e00e,0.5413789689540863,0.2885084837675095,0.13341470658779145,"[0.3999523395300621, 0.2456449773227498, 0.12974876593090778, 0.2246539172162802]"
case_ada6a2d4ce0ca92f5c0a,0.6805980920791626,0.3861191809177399,0.1888205289840698,"[0.03834845446117764, 0.45119775166501486, 0.4544438446064522, 0.05600994926735532]"
case_29518e8acdcbdabfd930,0.6982533454895019,0.4283473551273346,0.21551847755908965,"[0.16542835581813284, 0.3963035273111287, 0.28073202706255945, 0.15753608980817904]"
case_bcff72cf9338f0b55678,0.8033319234848022,0.544934093952179,0.28195043802261355,"[0.02677017637771439, 0.06907807990578324, 0.3793892299237432, 0.5247625137927592]"
case_94d5b768ca50e920089e,0.8112922549247742,0.5726947128772736,0.30295895636081693,"[0.08730405686160402, 0.11441389624733488, 0.15886907492551458, 0.6394129719655466]"
case_7dd02335524029598d11,0.5049556434154511,0.2529061883687973,0.11362299174070359,"[0.059642581385425025, 0.143302650434024, 0.33977020065298097, 0.45728456752757]"
case_8469220e4c3b11fc5181,0.870483911037445,0.6495889186859131,0.34908207058906554,"[0.25037961826972904, 0.1529535462930471, 0.19433350604077748, 0.40233332939644645]"
case_af141484683efd000d4d,0.8550057768821716,0.6079224109649658,0.3259654700756073,"[0.06951002519618402, 0.27073895036190676, 0.3529390233842292, 0.30681200105768]"
case_4d29b18add106d50aba8,0.5309603571891784,0.2752295196056366,0.12712438255548478,"[0.25008894800821735, 0.30813509315961274, 0.2119493289488794, 0.22982662988329067]"
case_0857feec1d1d577af4c7,0.7794242620468139,0.5182775914669037,0.2651951551437378,"[0.1449351810348463, 0.2714551365899588, 0.2512753171456695, 0.3323343652295254]"
case_8f93ca74f4a9bcdbfe85,0.7602128624916077,0.4913862466812134,0.25161959826946256,"[0.4796166987156394, 0.27629563914179717, 0.14720351214909788, 0.0968841499934657]"
case_05e2c7de50bd2f639fa3,0.7902107477188111,0.5346383333206177,0.2772406339645386,"[0.15693729771096324, 0.2126827382663407, 0.5103949412393721, 0.11998502278332407]"
case_034a02169718f5641ff1,0.8126628875732422,0.5690341055393219,0.29925387501716616,"[0.10404179436015108, 0.10322873260708973, 0.2707869887812472, 0.521942484251512]"
case_feb22afdf90b02f1548b,0.7544092059135437,0.4713451623916626,0.23732321262359618,"[0.052549101726680904, 0.5715134573827326, 0.28736158969925535, 0.08857585119133117]"
case_66cc65321930844c7539,0.7940006017684936,0.5236468613147736,0.2716762781143188,"[0.03417092901490588, 0.17985068340160415, 0.553120381228022, 0.23285800635546805]"
case_47ca1facaf974f640418,0.7133210897445679,0.4439903974533081,0.2240760087966919,"[0.07305259766515974, 0.15517285132202088, 0.18636449949306846, 0.585410051519751]"
case_8b5f65ae88e15e77ac75,0.6819028615951538,0.41475589871406554,0.20507864654064178,"[0.35350337125550996, 0.15863093017001745, 0.16152169363411173, 0.3263440049403608]"
case_a45306490be4dbc43de8,0.8295095801353455,0.5882923066616058,0.3168060451745987,"[0.20784800766729117, 0.21886739102174732, 0.3236518884842815, 0.24963271282668012]"
case_38234a1769b92c1a3df3,0.8915348649024963,0.6745900511741638,0.369952517747879,"[0.03184980563583672, 0.07705415159253007, 0.31537762466384217, 0.575718418107791]"
case_8a6ba0cbaf158c9d9478,0.5566522955894471,0.2957080215215683,0.13699211925268173,"[0.2910876561775564, 0.15227998122209377, 0.22510840717331565, 0.3315239554270343]"
case_e8793859750b76600ffe,0.732901680469513,0.4660933494567871,0.23815412819385529,"[0.1471836580535584, 0.2262029065797296, 0.2764518463520318, 0.35016158901468014]"
case_42566593a02ddbac65ba,0.7635827660560608,0.4938703715801239,0.25345496237277987,"[0.09307713927901642, 0.3266469617883952, 0.42816974989125206, 0.15210614904133632]"
case_4ac1975a26ef518deb3d,0.6004810214042664,0.33014977276325225,0.15573695451021194,"[0.11149388815994149, 0.23296699738109566, 0.21937722204156307, 0.43616189241739994]"
case_ba97bea8184d0ad6c57e,0.5580832958221436,0.2930803209543228,0.1362607777118683,"[0.3052231765416047, 0.16752443960338162, 0.29647375102607904, 0.23077863282893457]"
case_fd6c847e191bf9bc6307,0.5809723615646363,0.333614245057106,0.15658547431230546,"[0.16079523448832694, 0.09658034881594206, 0.11471002211897041, 0.6279143945767607]"
case_f1642d2b1895dea35b6e,0.7158949851989747,0.4489381849765778,0.2240633100271225,"[0.1805095870035478, 0.18435476320741434, 0.19628195693057063, 0.4388536928584672]"
case_3073271c3b23a2aa06a3,0.5972932040691376,0.33016602993011473,0.1563866466283798,"[0.04970512624324702, 0.08034692171810508, 0.214965922343892, 0.6549820296947559]"
case_8c263949fdba57307824,0.5652662694454194,0.308268666267395,0.14299896359443665,"[0.2178840865303643, 0.19962216198106553, 0.1645483448912055, 0.41794540659736457]"
case_a6480dcf1d20865d6904,0.6486897826194763,0.37908272743225097,0.18534893095493316,"[0.22200891657023958, 0.36807768317455225, 0.3302155164404098, 0.07969788381479839]"
case_dd54cfa881d5fee0870e,0.7244956374168396,0.4339661359786987,0.2150279015302658,"[0.1254018829135274, 0.41264943965454615, 0.34400577253689407, 0.11794290489503233]"
case_c113e2625893571c3f54,0.6431372404098511,0.38353233933448794,0.1871628701686859,"[0.17109933009384468, 0.2679881666419069, 0.214436661349217, 0.3464758419150315]"
case_f0367e57a0424e550421,0.7049676895141601,0.44714418053627014,0.22491729855537415,"[0.34589074339259285, 0.2678727017187794, 0.28486466320220916, 0.10137189168641857]"
case_65d5010f55725c9a8b05,0.7592073678970337,0.4869223773479462,0.24627895653247833,"[0.05335705746702347, 0.13576782896298528, 0.21098409671378998, 0.5998910168562013]"
case_f81e4aee03dea3851510,0.8491273999214173,0.6103115677833557,0.3233071744441986,"[0.08642839338683511, 0.1565275056077559, 0.2322127301650793, 0.5248313708403297]"
case_cdf7ea962bd68312043f,0.7500672936439514,0.4843634605407715,0.24392364919185638,"[0.09204615162514727, 0.16985954585964433, 0.2458714374271033, 0.492222865088105]"
case_ce26c1fe1caf5bfba3b8,0.6227007508277893,0.3568024098873138,0.17011347264051438,"[0.13394026547399043, 0.2040506592211843, 0.27524954255558753, 0.38675953274923774]"
case_e693dbc5300d67e377e4,0.7688767313957214,0.50364950299263,0.2585654824972153,"[0.2505417902192139, 0.2984376464295247, 0.3255952996574361, 0.1254252636938252]"
case_0e812646d25d63c871be,0.7114521741867066,0.4166780889034271,0.20488004386425018,"[0.016260955107145304, 0.28287480416214544, 0.5325266536263181, 0.16833758710439117]"
case_be3fd443af96df5e707d,0.6825577020645142,0.390984708070755,0.19126868844032288,"[0.09183349156255641, 0.43540950145877527, 0.3947645693627341, 0.07799243761593429]"
case_767d2ca29f5c4eb3d65a,0.6698468208312989,0.40731667876243594,0.19857406318187715,"[0.20386964247692907, 0.1856846504562622, 0.17984621775700266, 0.430599489309806]"
case_17611f93d3ade7b067f1,0.7572749853134155,0.49857686161994935,0.25601814687252045,"[0.1502535649029724, 0.09158891561711013, 0.18109371160541174, 0.5770638078745057]"
case_831b58a3e2b092675b32,0.73019779920578,0.45855867862701416,0.2335071235895157,"[0.1718002806219329, 0.49751324143572084, 0.21318816749925437, 0.11749831044309196]"
case_b26d968132c32379ef75,0.7107495903968811,0.44438194632530215,0.22139093577861785,"[0.14039533399593035, 0.2074248294252198, 0.238481340086905, 0.4136984964919449]"
case_37a3c6226ca44e68d682,0.5018579423427582,0.2549376666545868,0.1148735299706459,"[0.30240376096004046, 0.3723113893040638, 0.15739785770866807, 0.16788699202722773]"
case_c793a4c2d69fc5f8c12b,0.7623270511627197,0.5197258234024048,0.27180069386959077,"[0.31352374979796727, 0.235918163741725, 0.33873406536933487, 0.11182402109097292]"
case_88ef33c77dc757b4eb9d,0.771611499786377,0.48250906467437743,0.24289288520812988,"[0.037963642170483446, 0.37852900800541517, 0.5155708396601064, 0.06793651016399502]"
case_091858df3fb8d604a412,0.6526884496212005,0.37567501664161684,0.18296712934970855,"[0.12079736230381244, 0.13251964352966417, 0.175598344934036, 0.5710846492324875]"
case_2476f177c2ee7187ec44,0.7518322110176087,0.49266650080680846,0.2504977136850357,"[0.27336759513647196, 0.22011617618903082, 0.1963161903290408, 0.31020003834545645]"
case_39976db74d95878efb47,0.565671694278717,0.30574395656585696,0.145267616212368,"[0.1854491938027788, 0.3217362891332133, 0.3346459964832903, 0.15816852058071784]"
case_d5852d86288ed0e442fb,0.823807418346405,0.5799483120441437,0.30398137867450714,"[0.17505845647279117, 0.15366119673701586, 0.22255215694359473, 0.44872818984659824]"
case_e4e3f6a9a152b72599d3,0.599468195438385,0.3293675184249878,0.15653886944055556,"[0.1485985963338906, 0.25996394807175505, 0.20218166585185626, 0.38925578974249797]"
case_6f58d772906ae08e7c71,0.5941593527793885,0.32194982171058656,0.15492412447929382,"[0.09600525203918993, 0.3262771813354006, 0.46912527301477874, 0.10859229361063079]"
case_4941724d0523a3a526dd,0.7685943603515625,0.5244847714900971,0.2706135958433151,"[0.21425637411245968, 0.1883475495426576, 0.17226921761987313, 0.42512685872500966]"
case_87c3ea235501d457fd2e,0.7287147521972657,0.46594895124435426,0.23249081671237945,"[0.3389611113884217, 0.22598608111768193, 0.14438143071332568, 0.29067137678057064]"
case_2033b0cd11753877efc0,0.5693589866161346,0.3050288289785385,0.1401980400085449,"[0.372450723350846, 0.16984399477055362, 0.20891138841094842, 0.248793893467652]"
case_09ab4b92b1224700a267,0.7921980857849121,0.5400690555572509,0.2841539949178696,"[0.11152056471406362, 0.18901093101108574, 0.2553980422132082, 0.44407046206164247]"
case_8f9bdb942a3711e9794a,0.6154338240623474,0.34449554085731504,0.16371614038944243,"[0.12388224371663181, 0.18139948696927502, 0.2261233602001735, 0.4685949091139198]"
case_91b3f5a75e2eed6dfd7c,0.5622034788131713,0.30586778819561006,0.1419645294547081,"[0.20535399844609503, 0.22231748302607268, 0.20874161347016787, 0.36358690505766444]"
case_2b40c0b5d87bf485d24c,0.8020610213279724,0.552839869260788,0.2898860156536102,"[0.09000317969172957, 0.12501549264414943, 0.36917120786818025, 0.41581011979594074]"
case_6f28d860301c91a92f68,0.7195734262466431,0.4561558961868286,0.22575318515300752,"[0.01604086392940437, 0.08003430009671955, 0.2203837210933147, 0.6835411148805614]"
case_a7c5ea3d70585ff8d72a,0.7292787194252014,0.44272248148918153,0.22202338576316832,"[0.04443879928023622, 0.4842500766093846, 0.4052946762957578, 0.06601644781462138]"
case_d517e1ab42f0bff74de7,0.790126621723175,0.5180222690105438,0.26445155739784243,"[0.1674391339130505, 0.4582140033457994, 0.2681624350766846, 0.10618442766446559]"
case_2edbbbe55e2db3666607,0.7597454190254211,0.4731259226799011,0.23709740936756135,"[0.042375863493512064, 0.34845260078795376, 0.5141115737023364, 0.09505996201619782]"
case_1f3009d8bf884da3feb3,0.5441996872425079,0.2924427479505539,0.13486311137676238,"[0.4570144122002791, 0.17236868235625408, 0.1476450664085738, 0.22297183903489307]"
case_b1cf22724b5d5905e32f,0.7433431386947632,0.5013731092214584,0.256085966527462,"[0.20761684713477835, 0.160787263033428, 0.18028107231771626, 0.45131481751407737]"
case_28a78054abc1fdb0f1c2,0.5939409017562867,0.31448067128658297,0.1475340947508812,"[0.053467549985520876, 0.38231626177209116, 0.33527496028969184, 0.2289412279526961]"
case_a0afb3d3c99b7ee5f236,0.6698048353195191,0.39858244061470033,0.19639437645673752,"[0.1288211689131348, 0.16761884005864572, 0.32335114906470624, 0.38020884196351334]"
case_7aad0e7bf75573483411,0.7070082306861878,0.45046178102493284,0.2254643514752388,"[0.17546557329178836, 0.06893534896729575, 0.18328372374221336, 0.5723153539987027]"
case_f07851ce3e0118829446,0.7555953145027161,0.49098103046417235,0.2536166340112686,"[0.11637178098074133, 0.3634333800179761, 0.425660802202406, 0.09453403679887663]"
case_965886c4eb0b3d2d5d0e,0.5166607201099396,0.2584147691726685,0.11799281388521195,"[0.13037956058884406, 0.39782919969415037, 0.16526203140692913, 0.30652920831007646]"
case_f953263673f44aff3c3a,0.7337876319885254,0.46619364619255066,0.23489203453063964,"[0.0990030412182801, 0.14411402027827838, 0.2154255133875186, 0.5414574251159229]"
case_e0f8bd0cb1cbe860ca50,0.8396453380584716,0.5978544414043426,0.3170966118574142,"[0.13086757401632107, 0.16423066588806207, 0.516797189379874, 0.18810457071574285]"
case_801c5bd218dca592a30c,0.8147382020950318,0.5583462357521057,0.2936448514461517,"[0.12556875301991127, 0.09818416839839955, 0.19918326302693481, 0.5770638155547544]"
case_15e7de4ee7d764556e6b,0.7425861358642578,0.4791305005550385,0.23908726572990419,"[0.13898780097387192, 0.16616606117190014, 0.219896685125291, 0.4749494527289369]"
case_5b832017798cd270fc65,0.5394577920436859,0.2741000235080719,0.12523346692323684,"[0.0500695152215978, 0.1391103134204855, 0.27788706136368657, 0.5329331099942302]"
case_c42c5e8a053b47fe8899,0.8045795202255249,0.5556388378143311,0.29460999369621277,"[0.0571300293082216, 0.19112277810084777, 0.5897073260683473, 0.16203986652258326]"
case_2825eca16c206c7f7785,0.6493416905403138,0.3865349739789963,0.18652072101831435,"[0.12341318008120729, 0.13303306956839842, 0.16565531478986775, 0.5778984355605266]"
case_cd539c5b01bd9afa402e,0.7147592067718506,0.46230701804161073,0.24115112125873567,"[0.13904757288524103, 0.3232581630799555, 0.3224600479492841, 0.21523421608551943]"
case_6a855558e2112190b982,0.7468085885047913,0.472198486328125,0.24051876068115235,"[0.11885601039360154, 0.31391627046137377, 0.29659922001109634, 0.27062849913392856]"
case_26e940a3f812776d8d0d,0.6740725040435791,0.41135995388031005,0.2036384329199791,"[0.10977841150496497, 0.19859812198398258, 0.23910579072363128, 0.4525176757874212]"
case_3093101f33439baa0b3e,0.7153877854347229,0.44254463315010073,0.22195858359336854,"[0.1567974304437063, 0.4395702937149322, 0.3372761682557204, 0.06635610758564119]"
case_f24ffcfe9d3b07a10078,0.7044446885585784,0.4362006217241287,0.21615882366895675,"[0.10293829432313757, 0.20881571445418257, 0.27690334090878543, 0.41134265031389444]"
case_a32ca0e557120b9a39a8,0.7739653348922729,0.5177164196968078,0.26377966403961184,"[0.06752996052047622, 0.09412547992430484, 0.3998795795444262, 0.43846498001079265]"
case_fc4875f937c0cd1396d2,0.7579675078392029,0.5103082597255707,0.26213358938694,"[0.754118552876721, 0.09580329317992788, 0.058717185875374174, 0.09136096806797697]"
case_361747e84c09820c9abb,0.7706103682518005,0.5354542553424835,0.28049794435501096,"[0.37511016549403015, 0.22173463123329826, 0.2977413884836409, 0.10541381478903082]"
case_5d59a9a9e5b4a2946d7c,0.7320453524589539,0.45669222474098203,0.23108938038349153,"[0.16092443502155937, 0.55027617935153, 0.227983049067817, 0.06081633655909375]"
case_f562bfbad804706dd8cb,0.6724634528160095,0.3792140126228333,0.1840762659907341,"[0.0453721222706058, 0.47698630404707104, 0.3632213065491195, 0.11442026713320376]"
case_69134573a841af78a2ca,0.7661079525947571,0.5061127841472626,0.2605312913656235,"[0.15007928479433325, 0.44158615603452117, 0.2857423592889966, 0.12259219988214895]"
case_36d1172016c4d7178e3c,0.70759037733078,0.43421908020973204,0.2176453649997711,"[0.15500681857758622, 0.5125691725680008, 0.13249231905497025, 0.19993168979944265]"
case_f73035b26ecf35c1c0e0,0.6648659825325012,0.38960636258125303,0.1904930979013443,"[0.11276129402375991, 0.16296229310609275, 0.24475860443567396, 0.4795178084344732]"
case_e0ffa5d2fb28ed2b41f2,0.8098346948623657,0.5631212532520294,0.2954672873020172,"[0.10720573363069565, 0.08281599934797286, 0.42290045306541335, 0.3870778139559182]"
case_0c1d1413420fe88f40ae,0.702978539466858,0.43144763112068174,0.21300941705703735,"[0.22441793515931327, 0.2939949112772638, 0.27607952222871496, 0.20550763133470792]"
case_c37cfab13d0a5b728cdb,0.7605812668800354,0.49072968363761904,0.24865218102931977,"[0.08380648692730955, 0.1285546921405476, 0.19188281710078012, 0.5957560038313627]"
case_5477a7d8b7ff3356b614,0.6839235603809357,0.4211552232503891,0.2109702244400978,"[0.08814655965402841, 0.16053513109085935, 0.4207096350858774, 0.33060867416923484]"
case_95e3464e8ed1a2d040de,0.8386607766151428,0.6047086000442505,0.32507300972938535,"[0.23794524179970583, 0.3240451529206864, 0.31298095127782655, 0.12502865400178131]"
case_5a67d6a1bdfe5afd2f2e,0.6085438072681427,0.33603277802467346,0.16124984323978425,"[0.046752761426295836, 0.4950538409744862, 0.39105381471565986, 0.06713958288355808]"
case_95f1bbeabaf13f111f14,0.7314398646354675,0.4715903282165527,0.24252884685993195,"[0.184308792533791, 0.18423686313805626, 0.23423535104271284, 0.39721899328543986]"
case_99a5e0119c33b785c45a,0.5410692691802979,0.27817738652229307,0.12770563811063768,"[0.17891299037603, 0.3088265973635921, 0.238019242670874, 0.2742411695895038]"
case_9a4f58f8cf62273a5d30,0.6957941770553588,0.4212925374507904,0.2093527913093567,"[0.04605850663375944, 0.08252907796280974, 0.34940596623678155, 0.5220064491666493]"
case_e49d1d28f5a09052922c,0.7394863724708557,0.47333539128303526,0.24193764626979827,"[0.2448760442588447, 0.3384178389954035, 0.27536874331424016, 0.1413373734315116]"
case_1b552aec1b5f31ca345f,0.662715756893158,0.3858333885669708,0.18786364793777466,"[0.07530544441967094, 0.22140534484966226, 0.32319235428313914, 0.38009685644752766]"
case_5e2109031aba854f9ed9,0.8118921160697937,0.5631715953350067,0.295573553442955,"[0.11884007716524576, 0.17751868016267217, 0.34365509348018436, 0.35998614919189764]"
case_fc2843bb606b5d3d3da6,0.6830849885940552,0.41258364319801333,0.20448845326900483,"[0.09559250247174876, 0.18184904144591868, 0.41896968796081613, 0.3035887681215165]"
case_b69db576862f53250b4a,0.8350474834442139,0.57245272397995,0.30043469965457914,"[0.03891977410618532, 0.3959753923517096, 0.48330499049409154, 0.08179984304801367]"
case_02d9e1ffd34f6b06ba54,0.7885550737380982,0.5380926966667176,0.2781450867652893,"[0.2512418337203319, 0.2182435668058502, 0.2552568502880837, 0.27525774918573426]"
case_e9736f07551343fda276,0.7947878241539001,0.5171712338924408,0.2647076457738876,"[0.025076061540276567, 0.20281105238352864, 0.5077648465553662, 0.26434803952082864]"
case_755258b33c25681ed980,0.8036196112632752,0.5603309869766235,0.29491005539894105,"[0.2841263707053039, 0.16655444353718557, 0.16365510669638308, 0.3856640790611274]"
case_0fb11b4a559d8be1e8ce,0.6042076766490936,0.35318891406059266,0.1657244324684143,"[0.6266366349964574, 0.152727812333524, 0.07160391141790125, 0.14903164125211738]"
case_1ed7d16b41911dd92303,0.7921571135520935,0.531693059206009,0.2766036123037338,"[0.2537229544744544, 0.49783702895566245, 0.1652815380000369, 0.08315847856984629]"
case_ad177179b4b1bdea3295,0.6343891799449921,0.36614652574062345,0.1758767008781433,"[0.09234870967889457, 0.12098370890197041, 0.23508229764416028, 0.5515852837749747]"
case_0e45fb93cb32cc16367a,0.7471350908279419,0.4850498974323273,0.24729592800140382,"[0.14381281944820135, 0.24863327334081234, 0.23290244555186201, 0.3746514616591244]"
case_5fc6422f6cbc57f2236a,0.6851407885551453,0.4048626244068146,0.1990444093942642,"[0.07084566646888381, 0.12378580690116846, 0.2102820595604679, 0.5950864670694799]"
case_97e917d4b198bf58aa1d,0.7069657444953918,0.43643075227737427,0.22062167823314666,"[0.1662072769018114, 0.17350876175507635, 0.2860092722968027, 0.37427468904630956]"
case_9ea6b7f5d07cc325dd93,0.6095241248607636,0.339104825258255,0.1651913896203041,"[0.17783749931566414, 0.19468488081350568, 0.22711305401066106, 0.4003645658601691]"
case_3ef3ff7f312bb36092f8,0.7532090067863464,0.46545161604881286,0.23422513902187347,"[0.069374714402243, 0.48011885112776403, 0.3218448468838469, 0.12866158758614604]"
case_3a6cf3ceafbcc0af3c4f,0.537548977136612,0.284137487411499,0.12996834516525269,"[0.3924330665251811, 0.08689822194908227, 0.21068749075173385, 0.30998122077400275]"
case_54f4f4adc0646b012ed1,0.7841406106948853,0.5245467066764832,0.27562372088432313,"[0.30418491272871223, 0.3403598894466165, 0.24662353620939392, 0.10883166161527734]"
case_0ee52ef347c49f34f52f,0.764406943321228,0.5054333329200744,0.25806204080581663,"[0.1103274312412713, 0.18905149090354684, 0.2535646009605965, 0.4470564768945855]"
case_c7d31cd82ac08b038137,0.7120499014854431,0.43181089162826536,0.2181675225496292,"[0.2873669127877237, 0.39728109337434137, 0.2347753966698872, 0.08057659716804765]"
case_2d86c0c1a854dc99770c,0.691566014289856,0.4177049696445465,0.20782822966575623,"[0.17169932220340584, 0.24563596849875488, 0.2885045553624087, 0.2941601539354306]"
case_61d0957935fe03a78212,0.6824418902397156,0.3982646882534027,0.19717880487442016,"[0.06648831868919275, 0.20531262144318485, 0.4464997472317855, 0.28169931263583703]"
case_0f2008cd80bf316a96d0,0.7754341244697571,0.5117362201213836,0.26585672199726107,"[0.2450531500954416, 0.41958755567362577, 0.19464965607709928, 0.14070963815383344]"
case_031e130e23ef2c9751de,0.6525357007980347,0.3777689397335052,0.18625129908323287,"[0.1485656484366066, 0.12397399266389318, 0.20004786044309286, 0.5274124984564074]"
case_c30914664b4f65e22feb,0.7500067949295044,0.48057701587677004,0.24540973603725433,"[0.06588480899090536, 0.1410035383336536, 0.34028846900401494, 0.452823183671426]"
case_4cb242a0e37d545d8624,0.6940970778465271,0.42433186769485476,0.20745709240436555,"[0.18795994753223633, 0.15090947814692324, 0.21448384023227024, 0.4466467340885702]"
case_a51e49c96189c079e01d,0.6458499431610107,0.38342503309249876,0.18788900673389436,"[0.26547877988995944, 0.28700417448574045, 0.33166689378519515, 0.11585015183910502]"
case_c278ed815d3ad6f2c292,0.749692440032959,0.48539960384368896,0.24599194824695586,"[0.15115220591769282, 0.1416287843633556, 0.195698074089581, 0.5115209356293706]"
case_0d8972277f3275286409,0.7647433638572693,0.5045534789562225,0.25933100283145905,"[0.21403023248689465, 0.5153582763092082, 0.16903477143286333, 0.10157671977103387]"
case_b6d986a00b5de55ee06f,0.7954303383827209,0.5338737607002259,0.2795298397541046,"[0.1837414142204836, 0.6046895423083463, 0.16064351302792865, 0.050925530443241454]"
case_3a108396382a0bc594fb,0.6158940911293029,0.3534027814865112,0.16502561271190644,"[0.27985737859777743, 0.2256856627966661, 0.19204632616181155, 0.3024106324437449]"
case_4c581c8693a9105b7016,0.519585657119751,0.2740317642688751,0.1252804234623909,"[0.3273228157120422, 0.24375468775641174, 0.18085352911599942, 0.24806896741554657]"
case_6a2042a6606d21c2339c,0.8059971809387207,0.5512025356292725,0.28342052102088927,"[0.1363234615800355, 0.11120456150829452, 0.19319395408541418, 0.5592780228262558]"
case_f472d5ab6edc2cdcf178,0.6011502206325531,0.33056957721710206,0.1552869349718094,"[0.09181626376783454, 0.09876762406874263, 0.2944209919211121, 0.5149951202423108]"
case_ef31370a63eb18bde460,0.7247156977653504,0.4561999440193176,0.23000674843788146,"[0.1404390582124633, 0.3466268643142572, 0.19566987367419955, 0.31726420379907994]"
case_ed07884bf23025eff274,0.7644153714179993,0.4952298641204834,0.25390019416809084,"[0.05736849748343121, 0.18707984421065668, 0.49572436703833717, 0.2598272912675749]"
case_8a5c9961637ce165557f,0.5426472902297974,0.28328234851360323,0.13064863979816438,"[0.11547903212048354, 0.22748555134262646, 0.5680229562278457, 0.08901246030904424]"
case_8e212d39ae240d0043f3,0.7010815024375916,0.43705042600631716,0.22021813690662384,"[0.2417843627397906, 0.17024522214397128, 0.2843672280202142, 0.30360318709602396]"
case_36f934d78c75a0488d4f,0.750077748298645,0.48062256574630735,0.24116494357585908,"[0.06456221803445956, 0.24459724810069577, 0.23565067157282021, 0.45518986229202435]"
case_ab746b4d79eb11118255,0.6849904775619506,0.4100717961788177,0.20250223577022552,"[0.07136121200563329, 0.19681148822324704, 0.3406759908896087, 0.39115130888151095]"
case_8a0899cd6f104de2f7aa,0.8384078025817872,0.6092463612556458,0.3325193077325821,"[0.16728984067651675, 0.1118939605000795, 0.25348075552737487, 0.46733544329602883]"
case_21a3202097239b8490cd,0.771331250667572,0.5049182355403901,0.2593949675559998,"[0.048790764409097236, 0.17461047860854442, 0.33692450084368514, 0.43967425613867317]"
case_5383d06bd6f2e1e191a7,0.7810667991638184,0.518542218208313,0.2663325369358063,"[0.08583789497871776, 0.40076228024165617, 0.414449062648843, 0.098950762130783]"
case_b4326ecefb7d2a9e6697,0.7480890989303589,0.45702072978019714,0.22810230255126954,"[0.0757751736785615, 0.42951252000487355, 0.38830254315288065, 0.10640976316368417]"
case_cdd63b0150c862025072,0.447100031375885,0.20625443756580353,0.08904206156730651,"[0.24220754766135286, 0.21737916139158733, 0.3361178989170225, 0.20429539203003735]"
case_34e02cf977b12dacf773,0.5176854074001312,0.26639311015605927,0.12309510707855224,"[0.42384369227280616, 0.2657657964675288, 0.12038347144420483, 0.1900070398154602]"
case_ff541f1908883e2ab479,0.707097864151001,0.41587971448898314,0.2061678409576416,"[0.03344079734356845, 0.5875809074628912, 0.3355464646425305, 0.04343183055100988]"
case_14a2b3fff6011ac233de,0.8998339056968689,0.6886701822280884,0.3804714620113373,"[0.07921028175939783, 0.4655875294450537, 0.33504470627281074, 0.12015748252273785]"
case_0081bdccda47f17415c4,0.7950686931610107,0.5391205489635468,0.2785736948251724,"[0.1303486802669831, 0.1408245883150839, 0.2160392666214229, 0.5127874647965102]"
case_bfa661634b7bb5f330f5,0.7613080620765686,0.49632360935211184,0.2585113823413849,"[0.30930373176923326, 0.30475728049194356, 0.23999514830143548, 0.14594383943738776]"
case_b12b9d0eadef4c490db8,0.5945205092430115,0.33633253276348113,0.1586128517985344,"[0.18591470929517032, 0.2278130962872062, 0.21193550937646868, 0.37433668504115475]"
case_66d7b25d69959b235b3b,0.6725117683410644,0.4204776495695114,0.21183713674545288,"[0.19692724757000868, 0.27209716962337005, 0.37652470735809557, 0.15445087544852582]"
case_a4c223080a0966c05089,0.5733228266239166,0.30765979290008544,0.14265266209840774,"[0.028260647433454855, 0.17669637651492262, 0.43891068935509475, 0.35613228669652774]"
case_4fbad0d64bbd4b8905c8,0.5701637327671051,0.3124039053916931,0.14693028330802918,"[0.24673345312589715, 0.0895615071831375, 0.21950325600672463, 0.44420178368424085]"
case_5119d2593b06fda497a5,0.8262685656547546,0.5795538008213044,0.309796479344368,"[0.09719858283891693, 0.5715029203469053, 0.2545219253002633, 0.07677657151391441]"
case_19503d118fd85c1b3b8a,0.7272617936134338,0.46527978777885437,0.23931952714920043,"[0.08639186142461588, 0.3490863846433022, 0.4212259025914033, 0.14329585134067843]"
case_0d3c8a9a6294543b0dd0,0.7971833109855652,0.5320704936981201,0.27275773882865906,"[0.06819390696064052, 0.1451303536068801, 0.20571657954797673, 0.5809591598845028]"
case_6b460eec72db0dab2dae,0.7441982984542846,0.4699800729751587,0.23968517184257507,"[0.14720109078644406, 0.5904096294592663, 0.16259717002395188, 0.09979210973033775]"
case_4adb9bc0b1a09d2ea315,0.7297158718109131,0.4626467406749725,0.23174836337566376,"[0.11750876272467146, 0.2898592344228648, 0.2501420460637151, 0.3424899567887486]"
case_30b00e935d128631a4b4,0.6630926847457885,0.39464516639709474,0.19259888231754302,"[0.17861704437799247, 0.3417859627662992, 0.3163716780433877, 0.16322531481232075]"
case_64baed99909914634975,0.7907823920249939,0.5333269476890564,0.27206997871398925,"[0.0992976202768673, 0.2516593041009707, 0.21490882779224177, 0.4341342478299202]"
case_499c1434dc80bfcc9d15,0.7000444054603576,0.4107342422008514,0.201875901222229,"[0.05902181150011292, 0.37329295225814807, 0.48331180499179954, 0.08437343124993942]"
case_aa6261618b325a507c33,0.7200535297393799,0.42105832695961,0.2076924055814743,"[0.035483349611557545, 0.5960758142202279, 0.314381220708772, 0.054059615459442496]"
case_2cf56ede2a7030f67f2c,0.6159408450126648,0.3361895143985748,0.16216600686311722,"[0.10971562462536617, 0.12621178256651966, 0.401860691342247, 0.36221190146586724]"
case_7d9c3cfb9fd7c66b29a1,0.698991346359253,0.4171736896038055,0.20628105998039245,"[0.10123458025632058, 0.36904358203929216, 0.27433851764788897, 0.2553833200564983]"
case_6635a66c59515a2b5af4,0.6843913316726684,0.4144316554069519,0.2055963784456253,"[0.09277118800814127, 0.27466199415911724, 0.31925883410704514, 0.31330798372569646]"
case_5e33224a72a465304a42,0.7049495577812195,0.4318841278553009,0.21730661392211914,"[0.07279120890917358, 0.2884511494149614, 0.5289710748293152, 0.10978656684654972]"
case_5e677a0f932d0a013dc6,0.7562981367111206,0.5058461546897888,0.2592709198594093,"[0.106708940822676, 0.20164522404781093, 0.2708015782457143, 0.4208442568837987]"
case_219eda668bbbb6f7b48e,0.47828276753425597,0.23449952900409698,0.10326340794563293,"[0.1511527493939623, 0.15035123677108397, 0.17369755130104875, 0.524798462533905]"
case_84ef10805b70d4270c6a,0.841217315196991,0.5730181694030761,0.2975484669208527,"[0.04318284710190565, 0.4927388486440775, 0.376247717144928, 0.08783058710908892]"
case_f1567fff963d8ba3564b,0.7419899106025696,0.4683235764503479,0.2390626013278961,"[0.2598178759037041, 0.45762331077854046, 0.19267770084111924, 0.08988111247663616]"
case_5421f699c71a49bd7719,0.6529395461082459,0.38337457180023193,0.18852502554655076,"[0.16264565725270186, 0.1929371527923178, 0.17995238190761637, 0.46446480804736395]"
case_8fab9b60aeee2109e229,0.6882570385932922,0.43341055512428284,0.21647757291793823,"[0.0993927240281213, 0.4343532507770248, 0.2368208920481934, 0.2294331331466605]"
case_bdff39264fe8e19a4692,0.6562293410301209,0.37922621965408326,0.18649679571390151,"[0.19654568018588017, 0.2162996845465917, 0.23047532301857873, 0.35667931224894933]"
case_b783cd365fc561c2907b,0.5923707485198975,0.3314423322677612,0.15765175372362136,"[0.12558066268991125, 0.11047526877832349, 0.23596182616256334, 0.527982242369202]"
case_e7f17a138cabda8f22b5,0.8050776958465576,0.577346658706665,0.3070217281579971,"[0.4795552980833545, 0.07990065485090993, 0.16655709544654335, 0.27398695161919223]"
case_ff6d2251a9b0db9a0a53,0.6039277076721191,0.3358409136533737,0.16047952175140381,"[0.09539962829783087, 0.6396986207923864, 0.17876831519533795, 0.08613343571444482]"
case_d4da733401185f829042,0.5794968962669372,0.31155210733413696,0.14639007151126862,"[0.06920750685626637, 0.1539628687950755, 0.3350583468745772, 0.44177127747408096]"
case_a080a163f3e75943aa90,0.539042866230011,0.27664096355438234,0.1279107853770256,"[0.13085053043639647, 0.4182155252306238, 0.2052846522623175, 0.24564929207066213]"
case_2f2f9ebf4fad1fce3744,0.8489004969596863,0.6030066967010498,0.3241675317287445,"[0.1483577953957432, 0.6083485966855922, 0.17300975745525662, 0.07028385046340804]"
case_aa08af1ed4d0161c05df,0.7233458697795868,0.4819557905197144,0.2540141463279724,"[0.1870461425872494, 0.2132252453993564, 0.2031769784385523, 0.3965516335748418]"
case_2b7567fc9c1bd91b4825,0.5905909597873688,0.33252258896827697,0.15633564442396164,"[0.2508373949589405, 0.14090694489129094, 0.19372743166075346, 0.4145282284890151]"
case_0ef9f5ca78e46cba3719,0.5335034132003784,0.27483732998371124,0.12591886818408965,"[0.08104902803897858, 0.12703611850738525, 0.24214521944522857, 0.5497696340084076]"
case_880fd13bd8fbd098b471,0.4948960840702057,0.24014221727848054,0.10760807693004608,"[0.35443554350835776, 0.27532637418473904, 0.2136100082138999, 0.15662807409300347]"
case_49e45684622f99629e7a,0.7164223074913025,0.42643041610717775,0.21214156448841096,"[0.031778800316244214, 0.5474277709820391, 0.3763071918477201, 0.04448623685399668]"
case_b388b0add47454188527,0.6819733202457428,0.4133401125669479,0.2024006351828575,"[0.05743565432766397, 0.111900780156749, 0.23357155399183704, 0.59709201152375]"
case_7a9d58f4ecf47c5ec58a,0.6864623308181763,0.42289264798164367,0.20520212948322297,"[0.14550739701589208, 0.14854116992387692, 0.17047380948133592, 0.5354776235788952]"
case_6b3588f25119ce4df4f9,0.6055704236030579,0.33051761984825134,0.1560073658823967,"[0.09186024329083158, 0.28221591384696193, 0.2816667851842964, 0.34425705767791015]"
case_23800b61c0fcd17d1efc,0.7465723276138305,0.49059160947799685,0.2451684594154358,"[0.2331764682124643, 0.08133869815670668, 0.14115729118083295, 0.5443275424499961]"
case_a54ad8ccf21c291f279f,0.7561817049980164,0.48334371447563174,0.2444690763950348,"[0.05974083689708085, 0.0794580948517599, 0.2155572646211011, 0.6452438036300581]"
case_5552e91c8f9bfe39d4ba,0.7339539289474487,0.47092909216880796,0.23856898546218872,"[0.14092924852913136, 0.17175205119584727, 0.3068599331949064, 0.3804587670801149]"
case_18b8b69f38b9f24af33d,0.6728841423988342,0.40967019498348234,0.20502004474401475,"[0.09099512533695232, 0.18088824125992026, 0.23086586858203134, 0.49725076482109615]"
case_0972a6ea23231b474a4a,0.6015161514282227,0.33735717833042145,0.16208833009004592,"[0.17217319900834682, 0.17879262257701797, 0.22505872942454763, 0.4239754489900877]"
case_0772c81dc6625a3d99d1,0.786200475692749,0.5306744754314423,0.270912179350853,"[0.192878957720642, 0.2007468646731368, 0.2561782229415556, 0.3501959546646657]"
case_f94e8616b5c16c0f9849,0.8153576374053955,0.563141542673111,0.29457772970199586,"[0.03837032371091603, 0.12827605806702252, 0.44948143547188335, 0.38387218275017815]"
case_2c6db20eddf156204460,0.7096012353897094,0.4250484347343445,0.21506546437740326,"[0.05919651972881862, 0.3872582942284697, 0.4797432533443278, 0.07380193269838387]"
case_a92706ab69ce33f39cae,0.8457869052886963,0.5832885026931762,0.3084607541561127,"[0.03185487073485556, 0.46178531496999614, 0.43640684409449476, 0.0699529702006535]"
case_69a53a31e4b53271ea93,0.6612864375114441,0.38664790987968445,0.19141153991222382,"[0.24773781108270165, 0.4379491248268439, 0.2355035417266982, 0.07880952236375637]"
case_05240b83f0f4904dfc19,0.6920026898384094,0.4105260133743286,0.20329977571964264,"[0.04350339119190823, 0.1878304220489656, 0.32282215224540095, 0.4458440345137252]"
case_ba66fb2b80c5fdec71fd,0.8414404511451721,0.6008329093456268,0.3210668504238129,"[0.06537765547921287, 0.5249313998410149, 0.3204808406819086, 0.08921010399786358]"
case_3bd1091e052f24f960d6,0.6799615025520325,0.4014383673667908,0.1997559428215027,"[0.05546503716906519, 0.2595060994494479, 0.4554372412881358, 0.2295916220933511]"
case_08d365952f7e16a426d6,0.751536762714386,0.46729711890220643,0.23685792982578277,"[0.04842440628380138, 0.10866991201318371, 0.48340302415857145, 0.35950265754444344]"
case_1860e069bdd81045b981,0.6285667419433594,0.36739524602890017,0.17421910762786866,"[0.4849533599404784, 0.13741969226155554, 0.11903617939101545, 0.2585907684069505]"
case_ab94f03d3f6293ea1374,0.7357587933540344,0.45840651988983155,0.23273301124572754,"[0.04081032574931463, 0.34377749882431236, 0.37520562163745635, 0.24020655378891673]"
case_89c8138bfaa5df3b2f5d,0.7727494835853577,0.5091046512126922,0.26545940041542054,"[0.23256925344467164, 0.39895581007003783, 0.28920587003231046, 0.07926906645298004]"
case_ad2594c4aa9e7070cb33,0.80041583776474,0.5139104723930359,0.26116699874401095,"[0.01981622023087499, 0.3381941625354287, 0.3066961236845228, 0.3352934935491735]"
case_7c72a69b9326ef43cae5,0.624008858203888,0.3658697962760925,0.1757423996925354,"[0.18808044475436875, 0.19082171009215282, 0.197393971642762, 0.4237038735107164]"
case_b8592130feec715f4833,0.7801743030548096,0.49108455777168275,0.24749041199684144,"[0.048655877278576364, 0.48132235564870346, 0.3687350330825416, 0.10128673399017855]"
case_20fed67fefb5fc3ebf21,0.6795909166336059,0.40645413994789126,0.19808600544929506,"[0.04896577491431631, 0.14337697902360835, 0.25164182113088807, 0.5560154249311873]"
case_eef4c6f06c857574fe66,0.6607503294944763,0.39480831027030944,0.1926447033882141,"[0.24867434653030018, 0.38966655630469527, 0.19426115999946908, 0.16739793716553564]"
case_56855615fae83b25cb55,0.6796939194202423,0.4004889041185379,0.19983926117420198,"[0.09073929786403816, 0.4288087140275476, 0.4012119537790589, 0.07924003432935532]"
case_8752dc1c2e57d4b5e9fe,0.7245732545852661,0.45589221119880674,0.22615515291690827,"[0.13797773960265905, 0.19920811207282377, 0.20732943702743295, 0.45548471129708423]"
case_2abf8355628bacf57151,0.526355117559433,0.28129263818264005,0.12824861109256744,"[0.21902467473614717, 0.11250780010601728, 0.16114184827463218, 0.5073256768832034]"
case_b0f20175f04e4d0f444f,0.6776944279670716,0.4129706144332886,0.2047455832362175,"[0.22241696450213236, 0.14459471083170522, 0.193252041122293, 0.4397362835438695]"
case_989c6385062771f7efa9,0.6053668558597565,0.34114355146884917,0.16400905102491378,"[0.145998663982751, 0.17979915115267167, 0.1883162197644767, 0.48588596510010074]"
case_a7b3372e46677f8620eb,0.7176507592201233,0.4222614407539368,0.20898258984088897,"[0.024218632860864904, 0.35652227111161205, 0.5223083123613489, 0.09695078366617413]"
case_5ff3ca949d56bbf2ece7,0.8634064197540283,0.627606737613678,0.3363380491733551,"[0.11646840967326576, 0.1993803283599898, 0.27890403146041615, 0.4052472305063281]"
case_7a2ffa4375dc86ec3328,0.6536183595657349,0.3859125256538391,0.1888941779732704,"[0.1903577940075632, 0.24836344828009296, 0.2571489435861086, 0.3041298141262352]"
case_625698cc6d9830aae364,0.5410431563854218,0.28322766721248627,0.13123624622821808,"[0.1958172040492136, 0.32629445730036355, 0.2680305673902277, 0.20985777126019522]"
case_948598b44aa0a85f7f16,0.7354127407073975,0.4570699155330658,0.23131898939609527,"[0.053764189218980185, 0.4586159697957478, 0.31877286311992853, 0.16884697786534336]"
case_c9f83f4009662c50238a,0.7084304571151734,0.4123594880104065,0.20165014863014222,"[0.05450305621718149, 0.6703777812545747, 0.20642839739391786, 0.06869076513432595]"
case_4d2d216ffa3ec50c893d,0.7874829769134521,0.5244538486003876,0.27068768739700316,"[0.019364127721045284, 0.040325697176461756, 0.13561533106082616, 0.8046948440416668]"
case_36e128cca28d4bf0ad2c,0.7115213990211486,0.4463694393634796,0.22784549593925477,"[0.43052249628377887, 0.2728094829089933, 0.17877064179940783, 0.11789737900782002]"
case_3d33dcfc895d657476cb,0.8371377110481262,0.5919727087020874,0.3130144774913788,"[0.2150899989312291, 0.21309632189927294, 0.19079450780626836, 0.3810191713632296]"
case_1e6df4bc2b4649351a8b,0.6858326435089112,0.4232940137386322,0.21233033537864685,"[0.12120924393340696, 0.11479777803603478, 0.15129005213947508, 0.6127029258910832]"
case_32d1eb1715353e21bb23,0.8105690836906433,0.5694797575473786,0.30415835678577424,"[0.1463722705483819, 0.28207181961531874, 0.48160321489221364, 0.08995269494408575]"
case_444bef4f8b391e1f70ae,0.6215169429779053,0.3549025535583496,0.17069021761417388,"[0.1504048277329104, 0.2710053699044933, 0.3454391088814975, 0.2331506934810989]"
case_f3ee2e8cc59d7a20671e,0.48073426485061643,0.24396341145038605,0.10932995826005935,"[0.2607315395187311, 0.21083044143144852, 0.20542202175471488, 0.3230159972951055]"
case_1e6909bc471f864ea0d4,0.5968481183052063,0.32987218499183657,0.15639114528894424,"[0.139640138070043, 0.3107782752740573, 0.24374408627876987, 0.30583750037712976]"
case_e2d3303e6751ad3a7d2e,0.7674400329589843,0.5030915796756744,0.2567470818758011,"[0.13740519372788731, 0.19124152276855028, 0.3837918324002989, 0.28756145110326353]"
case_65671f3ac06f6f0594a7,0.7717607259750366,0.5258752763271332,0.2782480508089066,"[0.12941367655116398, 0.16098128965716352, 0.21599397707580176, 0.4936110567158708]"
case_1f9beb5ed6a16a4b3037,0.6442458629608154,0.38069131374359133,0.18755287081003189,"[0.11022402962174302, 0.1515815154595384, 0.4810189537607241, 0.25717550115799453]"
case_63de8f48ae37ec04c59b,0.7659811973571777,0.4925424218177795,0.2523919105529785,"[0.06593247146070774, 0.16304485801120233, 0.3943262720615303, 0.3766963984665597]"
case_331eabbe47b6566ab3a5,0.7503494024276733,0.49477711915969846,0.26089496314525606,"[0.3251648249432939, 0.19379467146351326, 0.2880178463692647, 0.19302265722392822]"
case_d3d55431952d75b99536,0.7887136578559876,0.5309171080589294,0.27523537576198576,"[0.11374788240159277, 0.5033726520484558, 0.2903102218625373, 0.09256924368741407]"
case_2d67f0de06daa4c13808,0.7210342049598694,0.4665095925331116,0.2365808069705963,"[0.0811464274644293, 0.23095392372456755, 0.19826020139197686, 0.48963944741902615]"
case_cdca37e9c48022aa8884,0.8373059391975403,0.5950831294059753,0.3157426416873932,"[0.035094504502867586, 0.06278447066794038, 0.3090050915279139, 0.5931159333012781]"
case_5356e9edb2333cbfdbc2,0.6578591585159301,0.38588030338287355,0.19098867028951644,"[0.2501299099974424, 0.3957227460282868, 0.19837330239818543, 0.15577404157608526]"
case_cf8a8aba482224f0760d,0.7757182240486145,0.5208761632442475,0.2717043608427048,"[0.21199294843686314, 0.44923342259108856, 0.1694475501278481, 0.16932607884420015]"
case_c9b41836a42374f52e49,0.7897201776504517,0.5172101795673371,0.2669122815132141,"[0.053419255368168606, 0.23083646601384603, 0.37093468679689917, 0.34480959182108617]"
case_45b7d7aadd03c509da90,0.6032816290855407,0.33522492945194243,0.15899633765220642,"[0.1986602461597574, 0.25866842960910563, 0.2240131752011608, 0.31865814902997625]"
case_6398a1188edce03081af,0.7186414480209351,0.45688451528549195,0.23233605772256852,"[0.09860446843504321, 0.2390372919131842, 0.5636815132486113, 0.09867672640316132]"
case_6c558afffcb23de0726e,0.7928709745407104,0.5378005146980286,0.28253347277641294,"[0.46183588951826093, 0.22193632274866104, 0.21732244789600372, 0.09890533983707428]"
case_ae193916a3b5bd71ab0b,0.7995376944541931,0.5444192826747895,0.2878109812736511,"[0.19020368698604986, 0.4293274203440655, 0.274194906015044, 0.10627398665484067]"
case_6acd26a2ff42e2e4f908,0.5575339019298553,0.2917140007019043,0.13680046945810317,"[0.12544846330706777, 0.22540152211520045, 0.4112501581702412, 0.23789985640749056]"
case_c686d91b3df227a3bfb9,0.7503575205802917,0.49432229399681094,0.25370363891124725,"[0.0940012585401685, 0.09080526638990959, 0.1927211218204632, 0.6224723532494587]"
case_f16119035afd389229c0,0.8377003312110901,0.5920031905174256,0.31280200481414794,"[0.19443949121584175, 0.22368534964162454, 0.3535368296834674, 0.22833832945906632]"
case_03fbd2cded49a57f48ba,0.7562779784202576,0.4905214965343475,0.2485625311732292,"[0.10409839909157335, 0.26431572653909996, 0.2035913752313742, 0.42799449913795257]"
case_d706b6c27c83e24e4bd9,0.6491075992584229,0.37944395542144777,0.18348478376865388,"[0.05346290892304669, 0.2500142414122183, 0.348791403999367, 0.34773144566536784]"
case_b077884b5d013e288dcb,0.811444890499115,0.5650602102279663,0.29605435729026797,"[0.16586950371900352, 0.1482416893594215, 0.26315374892010174, 0.4227350580014735]"
case_dc66b0abca91cc357a2c,0.6137661457061767,0.34874579310417175,0.16532194167375563,"[0.10783005792155775, 0.21739456031628607, 0.19722017351954918, 0.477555208242607]"
case_a0f0b1d481247ebb5253,0.7111304044723511,0.4399317681789398,0.22182171046733856,"[0.2599454126521279, 0.4645391641118595, 0.20761620456981125, 0.06789921866620134]"
case_78236dc4e71280cda005,0.8195753455162048,0.5621211469173432,0.2963110715150833,"[0.10623639678154385, 0.5989380492562743, 0.210394421380316, 0.08443113258186584]"
case_4810c54a94c38ccc4f2d,0.710251784324646,0.449878066778183,0.2263137072324753,"[0.21869617537635433, 0.1527132633871342, 0.21510143119766242, 0.413489130038849]"
case_594f64bdf4c1a3641b69,0.7935453057289124,0.5218363344669342,0.2692249268293381,"[0.023903811196131657, 0.07329131759612892, 0.39170733408538966, 0.5110975371223496]"
case_5127615c5ccfa87a59b8,0.7680720090866089,0.5216803550720215,0.273432457447052,"[0.22105649494028276, 0.09588971099216383, 0.15065547880029484, 0.5323983152672586]"
case_c4e11742445a08491502,0.5991157770156861,0.33367576599121096,0.1564052641391754,"[0.0730140495962662, 0.13413595785278704, 0.3056156053101203, 0.48723438724082657]"
case_a90e3d05c4b95f926e88,0.8612249732017517,0.6491568744182586,0.3606912910938263,"[0.11224527857742213, 0.36075254131709117, 0.41877477917864525, 0.10822740092684152]"
case_b944343fc9e2052b426c,0.6446018099784852,0.3749837279319763,0.18015803694725036,"[0.12457979814924225, 0.12985437933301322, 0.13411734154119098, 0.6114484809765535]"
case_54970a33752f73ba9a6a,0.5336838066577911,0.27376910746097566,0.12780234664678575,"[0.272279559739815, 0.15423523647294152, 0.2983146130536381, 0.27517059073360534]"
case_5be26c221c36c5e0adb9,0.6592824459075928,0.3717894792556763,0.18108657896518707,"[0.07525786172637024, 0.4801931030753152, 0.3582588081929964, 0.08629022700531813]"
case_434bd13172b839b8cc28,0.6652775287628174,0.40091173350811005,0.19671934247016906,"[0.17793223086307614, 0.1758517411711041, 0.21929382649169293, 0.4269222014741269]"
case_20e6a6243fcd299f2b67,0.8625093579292298,0.6368429362773895,0.3434344381093979,"[0.11166700505962227, 0.15708785323119057, 0.23470349784719569, 0.49654164386199146]"
case_7fe1bb1476f90e4064a6,0.7866214632987976,0.5163449943065643,0.2663633286952972,"[0.04150981995012648, 0.18005383201566202, 0.6156100729285873, 0.16282627510562436]"
case_bc3a697651b742d525ce,0.7651862859725952,0.4999122738838196,0.2589403629302979,"[0.055675230917104836, 0.29626435736900797, 0.32261610357896997, 0.32544430813491704]"
case_93bb6fe7521f1b3be376,0.8538602590560913,0.6255374193191529,0.33698850274086,"[0.21224441848847617, 0.1755345006255239, 0.21222359262571577, 0.3999974882602841]"
