case_id,risk_1,risk_2,risk_4,repair_profile
case_b5e5a807f835b08e5618,0.6513437288481757,0.3774032128101332,0.17807366765194815,"[0.1489007649259486, 0.21354585298504117, 0.26410872789929185, 0.37344465418971845]"
case_94a15d835ba9a04d7a80,0.6859880333034762,0.434539021113417,0.23166862504229518,"[0.03383471687933634, 0.09116282815434235, 0.47465331241281816, 0.4003491425535032]"
case_67593c266cb99b81ec20,0.8646162082611122,0.6497148743274301,0.35874829330451874,"[0.08385955767254835, 0.5657170209033883, 0.2316243174213733, 0.11879910400269013]"
case_73e55cc14ee35a5484d8,0.5553072900762228,0.29268406002821395,0.13148774668211363,"[0.4158350611676875, 0.13291410883017843, 0.21964784395484827, 0.23160298604728566]"
case_0a7e9699e2d60129ca29,0.6979942461708684,0.43907486762428277,0.19653440643675218,"[0.057010883115839205, 0.20076026960244436, 0.24506842481630803, 0.49716042246540854]"
case_d073307e40b123db689e,0.6148558329934145,0.329185805886255,0.1551343703550818,"[0.10629904067187644, 0.15827387712842714, 0.16220559622829195, 0.5732214859714044]"
case_323580c5e672e3019d61,0.6855593641339877,0.4572789595064192,0.2297255211132689,"[0.21727339113571228, 0.31695847416830514, 0.345418380661552, 0.12034975403443052]"
case_95f2e7fa4e1a13617634,0.7461001325711009,0.4851722902609012,0.2417081024230319,"[0.11105653743046753, 0.1147107044212096, 0.2441056535701933, 0.5301271045781295]"
case_349e90f01d2dc2d756fe,0.8394965962696652,0.6261158839577237,0.33543893269339703,"[0.16435324739559126, 0.38543040149358027, 0.3695880355228865, 0.08062831558794183]"
case_4f35229dad45457fdfbb,0.7466684611056316,0.5053039984838903,0.26092052470063487,"[0.10861207674279304, 0.1826678655465587, 0.26987163746203946, 0.4388484202486088]"
case_d4af9dcbfeeea6ebb567,0.7735678588139593,0.5224393738098082,0.2651323927317952,"[0.13158916087907743, 0.3759407180256316, 0.4059119119579504, 0.08655820913734054]"
case_78d2b87104e4197ba804,0.8327916857019813,0.6242332983105833,0.3540735704176616,"[0.06589791720312632, 0.1826957191233076, 0.2795237474304936, 0.4718826162430725]"
case_5b5d5aa25073438cba4d,0.6058723440764634,0.35489654528016984,0.17546665094465597,"[0.1720106588247297, 0.1967937283848034, 0.25331660890534363, 0.37787900388512324]"
case_a9dbda11cddc3d47430c,0.517056877266814,0.2841216987652756,0.12850566001506525,"[0.06524403203778581, 0.4412150048378892, 0.33375684196971195, 0.15978412115461293]"
case_6098c58f3cc2dde603b4,0.7079341996659112,0.4111382502048488,0.18265534370033454,"[0.084002716201475, 0.13893732225606667, 0.19441105528922686, 0.5826489062532315]"
case_a05b49700695c8bb6450,0.7776006102039376,0.5195464742394752,0.2691503158668047,"[0.05550071021802035, 0.15979587578971208, 0.3956252238578141, 0.3890781901344534]"
case_f1f3c94be9416a794e9e,0.6760831957388068,0.4422399745023134,0.24275649531612803,"[0.051089670237056496, 0.12100793337244829, 0.30341059692884914, 0.524491799461646]"
case_d792116b8cff1188da0f,0.8630000850838853,0.5978029500193631,0.2855417074521747,"[0.12719118226846557, 0.18930722037812783, 0.25573947435027083, 0.42776212300313576]"
case_3f719fdaec1769c94033,0.610850706778775,0.35675051820238246,0.18247056102920126,"[0.29426610428763217, 0.30431613622352266, 0.33204910265846393, 0.06936865683038122]"
case_f907b7bf46bc826e3ba2,0.7342675094843016,0.4271032778380812,0.18623730197464178,"[0.03659424553301428, 0.3247225495282001, 0.5696427811130068, 0.06904042382577866]"
case_4442a15e121f877a8d18,0.8074528393324403,0.5830693818420398,0.305046836356939,"[0.3284264492235967, 0.23472990069024957, 0.35240518634530626, 0.08443846374084743]"
case_32e613a28741925afcc4,0.7617212607459424,0.4911684187593113,0.23563193558005968,"[0.16528128061653138, 0.3240088874400324, 0.24241680087459683, 0.26829303106883934]"
case_a64a4894d542b22007c3,0.7629566227217831,0.5874851649777012,0.32299523439542843,"[0.025813808364061046, 0.4570180058511867, 0.46488481143789856, 0.05228337434685372]"
case_00bd68b0622f8b2215ea,0.758819031757667,0.49853993592134965,0.24933910112357036,"[0.161521420208476, 0.4540594599862236, 0.2544811260663321, 0.12993799373896833]"
case_47a1ae76962f951f8307,0.8028874219827646,0.5722733580069613,0.3084188016349072,"[0.1983743357997526, 0.15621261568817998, 0.15695250004927067, 0.48846054846279663]"
case_84d1a297671280253ba5,0.8151873213080774,0.5740213914019774,0.31140423102167586,"[0.14922166935983547, 0.2589267704768878, 0.3134717230699535, 0.27837983709332326]"
case_fac8f82f2045ef5607ae,0.7572649666474928,0.45187999599825174,0.201651489617414,"[0.20879373407955268, 0.16763641661134673, 0.18661394109289303, 0.4369559082162075]"
case_3b28442d6755493e5459,0.8111149797372679,0.5556110638448002,0.290034104688681,"[0.053517236383156426, 0.417702051848235, 0.47210325400301584, 0.05667745776559277]"
case_3171e941071d745c6a40,0.6855336582579811,0.446669495839507,0.23121643436413505,"[0.16980577985624012, 0.42405837277269676, 0.30396014056140414, 0.10217570680965897]"
case_4051f4c1dde024955fe8,0.6897384821636142,0.4214119586973522,0.20773250917886543,"[0.10757234995342618, 0.1695100433743143, 0.18569739807951957, 0.5372202085927398]"
case_6c2b99a4055be3ad845d,0.6931698401969021,0.48156556274916207,0.2588400894072094,"[0.18409442897880268, 0.3097753548509942, 0.1833675741895388, 0.3227626419806644]"
case_ea8a704e17b22086e039,0.6763794494404647,0.39548684352228386,0.19570811895434648,"[0.20569134800658495, 0.2803721659372056, 0.3659353262808935, 0.14800115977531583]"
case_361c86101d98b7658d79,0.8505387100752382,0.6384831271403544,0.34853624259683275,"[0.24659869744360058, 0.27385654829101724, 0.36266613114674723, 0.11687862311863488]"
case_d5cec420e82227fc9744,0.7842480433516532,0.5513409421537803,0.2764018151456112,"[0.12853562350752018, 0.11694764301432053, 0.22832218612720537, 0.526194547350954]"
case_abd7a16c9151cd544fc5,0.6988831209483392,0.5047521116842343,0.26904854812936013,"[0.2631075979046147, 0.3311410272363478, 0.273760545695562, 0.13199082916347543]"
case_613a2d605e2a50babc1e,0.8519535496591415,0.6285854879540629,0.34439426187643024,"[0.22214528255912214, 0.35845745579779476, 0.2931098432120217, 0.1262874184310614]"
case_6aeceda4e1e3d64b77ee,0.7532290893956658,0.49891539324553713,0.2551913990172379,"[0.04060392522159449, 0.09251246352387167, 0.23053268839215937, 0.6363509228623746]"
case_2c712127fd90622f4156,0.7891279184069617,0.5006878804692789,0.2594406307809164,"[0.03004994500484256, 0.24030571848495735, 0.40828262427765083, 0.3213617122325492]"
case_0fca949aae7d11583edf,0.7113624685630183,0.4554831846277281,0.23109624503796855,"[0.15958336246137808, 0.2666808537641738, 0.2837773344404181, 0.28995844933403]"
case_391bbd8f0f1f577d3abc,0.7758707046200424,0.529498041134617,0.2621175842271929,"[0.16197847570757695, 0.411521843774812, 0.3402238101383192, 0.0862758703792918]"
case_52bccde3999ac1c2b1a4,0.7275428170745813,0.4765957073987608,0.24660920407720033,"[0.0737394940864858, 0.1272700485789749, 0.2695692834874426, 0.5294211738470967]"
case_064de3632eeb9fac7e8c,0.6674435964736098,0.37156234193326865,0.1603525435256538,"[0.05804032491117474, 0.13804229693083245, 0.2646434168171628, 0.53927396134083]"
case_f995b520920ebcb072c7,0.8601549071179942,0.6391585345823088,0.3369360867806742,"[0.07808468846477301, 0.2745625860698291, 0.5326697244229496, 0.11468300104244837]"
case_a8e4c2ac6cd57cb6fdb5,0.6972976746650449,0.4695814637425937,0.2576296259612742,"[0.33107547986050534, 0.05289664581906074, 0.11606568713412783, 0.49996218718630614]"
case_e83141c1300b2492bc5f,0.7719687534653379,0.546845630107089,0.29457842594762945,"[0.37382333147744834, 0.1923958995598371, 0.2675323647299365, 0.16624840423277795]"
case_ac2f2841a250abf52ee3,0.8135745440622346,0.5458647084231347,0.25012453954829583,"[0.08549872185888191, 0.4978106588516713, 0.31196632721484313, 0.10472429207460358]"
case_dd3f3465ff23ce76ec97,0.790485400178872,0.5621021246195885,0.29554794603999174,"[0.28268302099334186, 0.34374850657766093, 0.1636200812456323, 0.20994839118336484]"
case_681efb801570a479c4e4,0.6000258155344451,0.3718044995658202,0.18819054861194115,"[0.21161239906473225, 0.2563275213436072, 0.11083520502222055, 0.42122487456944013]"
case_04297bdf0916e75fc4b5,0.6430301763007308,0.3634338791190325,0.17468983142907002,"[0.04828870707535217, 0.3209985351488103, 0.35570004317387904, 0.2750127146019584]"
case_8c914a7bafdf73e6f2cb,0.7306161790083016,0.45619071527283606,0.2230494259299545,"[0.01915002580016805, 0.16877373155164005, 0.5989637863821305, 0.21311245626606123]"
case_7c1b404155e1db3680c6,0.7965526484905877,0.5813131876556485,0.32948435073399757,"[0.3932203196797327, 0.4278799266275823, 0.1284091820028122, 0.050490571689872935]"
case_b0ea16b81b14f657e51e,0.7111495951017375,0.51771508015104,0.2753991951656158,"[0.06028418711365132, 0.39537982211106126, 0.37192444150403153, 0.17241154927125593]"
case_3e66169801c1aab633d5,0.8410025099170082,0.6258516951959952,0.3306117027980513,"[0.12193747548041817, 0.17071338924657414, 0.3040837406413088, 0.4032653946316989]"
case_8e6528665166d6d3a600,0.7895819911872481,0.5046892676984724,0.23489720046065338,"[0.0892834725656613, 0.11674631570800041, 0.16552031685566998, 0.6284498948706684]"
case_ef343b5afc916536ed35,0.7009931545064377,0.454703857842056,0.23456238769600432,"[0.09491236675347489, 0.12422614127206945, 0.22877283794104136, 0.5520886540334143]"
case_e46e6c0a6e73187bb39d,0.8007722281351723,0.5526331075231773,0.2752961644964257,"[0.17966872972941067, 0.3204028807794447, 0.24596156560858795, 0.2539668238825566]"
case_3955be0d8e2154368778,0.7241923616369361,0.46939865074849,0.2415776385822147,"[0.11254773379957433, 0.15065648425280617, 0.18502931115605958, 0.5517664707915598]"
case_acf6b288e7696715c2da,0.7961737601819123,0.5413564704363034,0.28410018110518453,"[0.0468313214823064, 0.14324534770610373, 0.2507659740951471, 0.5591573567164427]"
case_5c060a5b51294229b854,0.6612832508699524,0.43838024022608596,0.2187846976514638,"[0.1222211128307796, 0.21969752744065577, 0.20343102661199103, 0.4546503331165736]"
case_d9cabac9cb2fee7d74fa,0.7943052707514028,0.5598069733018499,0.2827132873344998,"[0.11517388804643995, 0.2254713352730913, 0.5779395110592712, 0.08141526562119769]"
case_a9d161489f5efa29d2c9,0.592844919315392,0.3563770737610774,0.1731077393775672,"[0.16660960515272144, 0.18464460891061554, 0.22403786747500737, 0.4247079184616556]"
case_4bc9b2e96f8c79790a10,0.8277793395998498,0.5487148386888333,0.2644962988254038,"[0.037088818378887424, 0.35591565277747444, 0.5226460920056243, 0.08434943683801364]"
case_f38581f3db75e3719eff,0.6614415177457892,0.38976124428073927,0.18549640900582465,"[0.058518814335270716, 0.24579058917181984, 0.3673368443638557, 0.3283537521290537]"
case_483bd666b1d4910b3481,0.6452093851217142,0.4050591848645777,0.19382626324755953,"[0.09263665974140167, 0.12431751787662507, 0.13674127459526061, 0.6463045477867126]"
case_a47430099d07293602e0,0.6878905336611876,0.43570726202877585,0.2141010686654363,"[0.12390513386441328, 0.3032744695662881, 0.4836990436294988, 0.08912135293979978]"
case_bb03f187187e6631a9b6,0.5865853772373006,0.31876802909299984,0.14852448111133637,"[0.2375709256331918, 0.23889480437659794, 0.2918706071219196, 0.23166366286829074]"
case_764cb0a3b85a09445a1b,0.8082820783101013,0.5867620491681874,0.3205298407061805,"[0.03465277760539256, 0.14404096312184428, 0.5249103375114039, 0.2963959217613593]"
case_7b4710f1b9d241a08820,0.6196649145557441,0.3529515135499305,0.1682379737952715,"[0.07429602951650585, 0.3564752864065732, 0.2097261523040992, 0.35950253177282177]"
case_ac51c125f57a18825e78,0.7775436224462289,0.5391437343575388,0.294360723177138,"[0.08900770556710674, 0.32571389096549197, 0.3427368942317215, 0.24254150923567985]"
case_7a746770d65c9df5a696,0.7927079910818493,0.5420638740575657,0.2688106918686444,"[0.151007831996726, 0.22816532092192962, 0.18416471889117195, 0.4366621281901725]"
case_9b5dd33776f8d347ddaf,0.7379704909796886,0.4839127141280851,0.24654977360797165,"[0.04182847910506416, 0.10072780366742975, 0.6383686938340521, 0.21907502339345397]"
case_4df873d71e3b0099622d,0.8119236263100332,0.5693251799609668,0.2974677751839126,"[0.237422803194251, 0.32448671520368194, 0.3078556262510344, 0.13023485535103255]"
case_301d3d427312275aa63b,0.6169416711701026,0.35054347217155796,0.17196500578210855,"[0.1205810913347962, 0.27868296522975894, 0.5144060335576974, 0.08632990987774736]"
case_a33ce25d5ea36cc41b7d,0.8565338485458723,0.6536635996879301,0.3666024939962774,"[0.1590982394040401, 0.31301109216719414, 0.46264792402101307, 0.0652427444077527]"
case_8bfe5b7fc008eb180600,0.6842509809877323,0.4598830570961108,0.22504123998260558,"[0.6271057151132482, 0.1561973994600928, 0.0893877225256698, 0.1273091629009893]"
case_719616a7262994030e27,0.7538424945828054,0.49894191273152916,0.24850741821442562,"[0.029999602478003908, 0.12218230170986094, 0.46980841003292734, 0.37800968577920774]"
case_f09f4a3d2e90541383dd,0.6621348845713538,0.3850680878107194,0.17900029978262813,"[0.17919247090561813, 0.46543898992071353, 0.2502462798782752, 0.10512225929539318]"
case_d19e3c4f4e7025034227,0.7071316905444477,0.44170632297066903,0.22453618092339328,"[0.14144565934122566, 0.22335023745364982, 0.26615082404023305, 0.3690532791648915]"
case_cc68bdad7767fbda5c0d,0.7132866495965976,0.45686981779168384,0.23715151056128037,"[0.03788038222402619, 0.15179190599763326, 0.27789431719403207, 0.5324333945843085]"
case_30c523c856d425aa73c9,0.6796594384287938,0.4299355657849054,0.2097224837672226,"[0.1569724610899022, 0.29267629842942505, 0.432847189413798, 0.1175040510668747]"
case_239ceab9c35090d27270,0.5207423057250693,0.30627332725006856,0.1443598769353346,"[0.15637694126907448, 0.16902848605956364, 0.17024155680799255, 0.5043530158633694]"
case_f854d3b5f52ec303ca34,0.4717379479203833,0.2801320610470142,0.12818142768112173,"[0.4235807704222775, 0.19302965643099051, 0.1842720264665126, 0.19911754668021933]"
case_44239306b41ba2d4dd04,0.7438806165487286,0.45874165640900744,0.22796154789364,"[0.05126970635756413, 0.16316943858816382, 0.2328655367026558, 0.5526953183516162]"
case_c18b8b33f609eb46ff8e,0.7008862285982321,0.4827119701400254,0.25764804641879036,"[0.12980739992971776, 0.16800851721758533, 0.2824297888134134, 0.4197542940392834]"
case_2696378885d6d84bc17d,0.8834029315977913,0.6837145158987943,0.3819754618923902,"[0.1945595144672544, 0.5759783447510739, 0.13436197521088872, 0.09510016557078296]"
case_34bc7d5dbb48aed2b336,0.8489680452238433,0.6296305972267531,0.3407077174138838,"[0.12248043738710165, 0.5313642951175462, 0.2738003507080617, 0.07235491678729045]"
case_8b98bb2a160734957b63,0.6783177562965831,0.41015493594697355,0.1996490340061943,"[0.030094613902341288, 0.2562932970049182, 0.3091127844967788, 0.4044993045959616]"
case_025e6534fce3a31f2c78,0.7086008696086408,0.4496410726560379,0.22625079557425143,"[0.14772557694128788, 0.32055239795815355, 0.30585829457851804, 0.22586373052204056]"
case_8a3c4f4054db58cfb9a0,0.6432091289311578,0.37122823468815425,0.17757220977027943,"[0.37317853013905095, 0.21887080939306602, 0.14792727607596998, 0.260023384391913]"
case_70a3d198681eca422894,0.8669179421958206,0.6665896297575288,0.35330601739913525,"[0.1331540221479929, 0.48563179770784465, 0.30742251150993727, 0.0737916686342253]"
case_31b4f3e1d9b5f6bfe077,0.7676398265217806,0.49710921178577194,0.2441582720356943,"[0.22500561619166165, 0.4915341695611011, 0.22063855979052105, 0.06282165445671628]"
case_2291299da96248d209af,0.6583973311641672,0.37937141917690037,0.17346405779762492,"[0.1265487576388179, 0.17235126438644013, 0.2830835669409557, 0.41801641103378634]"
case_0aa7d669aa478fdee42d,0.8567008972875886,0.6710782332030754,0.407073554801375,"[0.4002160578998336, 0.18921573742055503, 0.26867549372725924, 0.14189271095235215]"
case_6cf8cf41bf55810af3c2,0.8187406766253538,0.5781048793131358,0.31182628988435385,"[0.21570863796776463, 0.24569629174489668, 0.3496323370226825, 0.18896273326465615]"
case_b4c62b42908b3221915a,0.6491498772384886,0.4800143399535629,0.26674392521478046,"[0.16526983454199062, 0.13099456041005803, 0.2116078445834272, 0.49212776046452417]"
case_58ef3f10cbacbb143e6a,0.6727878951543118,0.41804794146696933,0.2122325679797425,"[0.06364245655856321, 0.1877822352548042, 0.26205338899445485, 0.48652191919217785]"
case_f27453ef2b11a0479075,0.5891746210546802,0.37426278987439415,0.1973354136946668,"[0.073381192073119, 0.14950708862504267, 0.2559358769895079, 0.5211758423123303]"
case_d5c94925523020086326,0.7169387852449489,0.49521442690433015,0.2775839512077665,"[0.16328914347986664, 0.2479942885934668, 0.174613508298399, 0.4141030596282675]"
case_b9da7db7a66e439320c8,0.824606608632269,0.5585314029585432,0.2664850952246256,"[0.12125847186272228, 0.3103425467064863, 0.46396307254894864, 0.10443590888184275]"
case_edfe8787ee006600f1ee,0.7583216539579548,0.5025341786138883,0.23864680445619652,"[0.07858952506775724, 0.13985557769787726, 0.18099076209177908, 0.6005641351425864]"
case_9de300cabfafdd31d5df,0.7946807205999075,0.5322597815272961,0.282608901521016,"[0.11367283974831671, 0.16454526212405218, 0.35267646049949186, 0.3691054376281393]"
case_5f1cdec221dc7f03058a,0.6790575866911593,0.4096315086584713,0.18997447824982186,"[0.03764337146633361, 0.44440187745630466, 0.432780867170124, 0.08517388390723782]"
case_e64f0dd4c1d9cab22d52,0.6682240931326395,0.40783960052955814,0.19876940583949226,"[0.08652437090028733, 0.33374161372156247, 0.2516911271783145, 0.3280428881998357]"
case_0e45b2d6c54fd782b70d,0.6678908075624242,0.3999347664705335,0.20206257352882287,"[0.145034921146565, 0.2929550080736204, 0.284561106574643, 0.2774489642051715]"
case_8c292d43cbc5f067b46e,0.5807451417463976,0.30435563784986164,0.15016795643293135,"[0.1223511759744339, 0.6386170850088608, 0.16742197074903906, 0.07160976826766616]"
case_8cdb9249c8f437007802,0.6579428176167955,0.37812214554783263,0.16784515717098897,"[0.21510362375178255, 0.1474558535533902, 0.12014827829632524, 0.5172922443985021]"
case_39ebb78abab9c1ca071c,0.6015115365862451,0.3424315051700218,0.15501725635632138,"[0.06594827473163604, 0.15943628549575806, 0.31544641554355624, 0.4591690242290497]"
case_808df6441ccb84b489e9,0.8201602442351411,0.570145074406802,0.2881915485949533,"[0.21993372142314913, 0.330975091457367, 0.27745943367481235, 0.17163175344467166]"
case_a43e0fb0d8fc11f9c661,0.7350868571445549,0.4898745847126754,0.24930816813540185,"[0.2407442685077325, 0.36917128324739135, 0.26675013462379055, 0.12333431362108567]"
case_1dc215e75c292310ee78,0.8048914607474342,0.5904768650643084,0.3386776680494404,"[0.17443663911487314, 0.46099125909627175, 0.31419718866984186, 0.0503749131190133]"
case_021d3c319acb3d38d5a9,0.6215742883611991,0.3525811490218479,0.17111450430840036,"[0.08614735544179601, 0.21082839887708246, 0.4089291078783628, 0.29409513780275875]"
case_9de720e2b0492b369880,0.6408820808949006,0.3610230096138618,0.16044695144144291,"[0.1515138352459304, 0.4491416513289886, 0.2868870637089259, 0.11245744971615518]"
case_a1cc820931786834ccc1,0.769409523699914,0.5422738198557048,0.2902706307145906,"[0.16102539701874058, 0.4603830111533725, 0.2734553737510464, 0.10513621807684047]"
case_f9ed79c787faadeec4e6,0.7718425480425893,0.5265979422661774,0.26852936759679985,"[0.13961564260835754, 0.36721884200805777, 0.3645240295990586, 0.12864148578452622]"
case_5905fe20765f4e0342c0,0.7844891932236923,0.5446174349320412,0.2866777108889095,"[0.24700325730142067, 0.15560861761323855, 0.2460835822276749, 0.35130454285766594]"
case_8137cec2c77c5a037fe8,0.5927578662380424,0.3473361908429933,0.16529398174523896,"[0.2712850465574694, 0.21832128215379518, 0.22995323243918417, 0.2804404388495514]"
case_a4638bb7a263114fecfa,0.867975012768399,0.6620166823136548,0.37107758077919195,"[0.13644058453960706, 0.3768424904440676, 0.3747371410884431, 0.1119797839278822]"
case_208e4e853f6c9c6b2596,0.6076882566947147,0.3493046302986517,0.1613457462072699,"[0.06540229710499793, 0.4318191650069375, 0.19072176430412557, 0.312056773583939]"
case_7c1f2cfdd0edfa5c167d,0.8511902438280325,0.6523006212506329,0.3683592122324786,"[0.08090562578833335, 0.20092907950074432, 0.33078138754342185, 0.38738390716750043]"
case_757a258bd220b6be17e5,0.5580510329857978,0.2996554476356881,0.13352080062181484,"[0.10645704021837413, 0.4027348189527236, 0.29662960258761034, 0.19417853824129186]"
case_b252c4cd4c60c46b89f6,0.8749006639255998,0.6697301186138513,0.3730103665257151,"[0.07313278330242665, 0.19103024693149612, 0.5987669773629498, 0.1370699924031274]"
case_d133f1f81a20431d2837,0.8094045625580291,0.5779743738749507,0.30679733527328606,"[0.07721096452553806, 0.35111908348415644, 0.4992966681593061, 0.07237328383099945]"
case_b85869d2d77a0a9b7399,0.8211067762672584,0.5782155115898497,0.30075822654961265,"[0.09419603028700642, 0.17067466638086437, 0.6005482719826364, 0.13458103134949273]"
case_746051e2f3c31d868ea8,0.7883665717780863,0.6251403436582088,0.3634303633831835,"[0.05243965499850216, 0.20596996936058184, 0.34103993637909247, 0.4005504392618236]"
case_2eaad21d234ec7b2c7fc,0.7027596312612268,0.41697059295198746,0.18778751195640445,"[0.23577203328411778, 0.35639848812495317, 0.29224391878992273, 0.11558555980100635]"
case_5beec62dd191a09de5e1,0.692563145492137,0.4320485951761726,0.21899835625538044,"[0.13688128672171407, 0.09813083766776823, 0.22788194851804944, 0.5371059270924683]"
case_da273b44dda88528c58c,0.7731786180678568,0.5148377437837727,0.26267278030705454,"[0.04367108112083496, 0.2364641433427355, 0.25023620203489366, 0.4696285735015358]"
case_40e848afd9308c9468bc,0.8635159427877748,0.6462411566770435,0.3458139839640896,"[0.16575236779062508, 0.2963253467174094, 0.45017992098058685, 0.08774236451137865]"
case_a1bedeb3225a87cbdac9,0.6109910512626948,0.3325087929551383,0.1555282166890033,"[0.13201112791937322, 0.17559880672390785, 0.5368677756513572, 0.1555222897053618]"
case_2ffe9806985bf59f85a7,0.7565196775412145,0.5073831912682667,0.2519293787614431,"[0.11154031045303181, 0.3313040461595322, 0.5107798048142139, 0.046375838573222]"
case_648d5a5b8c26b91414a6,0.6871400397106244,0.39202638616804975,0.18133157056785293,"[0.08689452442221236, 0.22022139134706178, 0.2710349940667824, 0.42184909016394345]"
case_058b29af700a43992fa6,0.7747268859829861,0.5256556739120802,0.26491170045455553,"[0.192387523500565, 0.5445292248146535, 0.18649195369423122, 0.07659129799055028]"
case_59535334acc68d710ce9,0.599005424956373,0.36584514827900627,0.1918972632341891,"[0.05769948565326823, 0.10209455005044285, 0.4976383250294688, 0.3425676392668201]"
case_7c13a4aeb7fa7e61bd3e,0.5149952636123443,0.292804599194639,0.14173737583878326,"[0.15038367003431125, 0.14418916490190725, 0.2234191401208588, 0.4820080249429228]"
case_ec4455f40b741f06de06,0.7114548524450462,0.48418015033502027,0.2558330362267887,"[0.1918519768212702, 0.26787250799020207, 0.4524575132180175, 0.08781800197051022]"
case_f8e7b124827b7e456e42,0.7725027223813585,0.53523898375112,0.28735943728513,"[0.05394660281139039, 0.22275232346335447, 0.36685730067002115, 0.35644377305523406]"
case_f47f85dbe6db451cf9e7,0.6511159479103832,0.411756105187569,0.20989935858839695,"[0.2752879423288462, 0.16622149869600608, 0.17331906634562788, 0.3851714926295198]"
case_37d886274d4e40f8fac0,0.7587836705060234,0.5425565740448957,0.3152732699461125,"[0.14870261890356457, 0.4331647652357477, 0.3308203547743623, 0.08731226108632555]"
case_88b2737aba2408c30453,0.7218444531280961,0.43777992768889157,0.2156034769590232,"[0.07882443909783837, 0.41787068158898133, 0.43263482934388053, 0.0706700499692998]"
case_fb350291f0d22590fa0a,0.671008730400384,0.41964059473427917,0.20353280678877742,"[0.08008253756122459, 0.1886249085363937, 0.28997117129728334, 0.44132138260509846]"
case_6676bab1c926f4814f7c,0.8006331096719901,0.5282128832280684,0.2639460900878795,"[0.0455156563026951, 0.46746878023964855, 0.3605289683707002, 0.12648659508695612]"
case_af1e16ae61c224f10ef2,0.7393954552647649,0.48636906072207997,0.2581260052193454,"[0.05286334902376207, 0.17316850370928763, 0.34980451959839903, 0.4241636276685513]"
case_d82c9577ca4b9d9c09e7,0.8382362244069401,0.6013249839494146,0.323453104481973,"[0.10146347660044164, 0.10109876547541331, 0.3655589951151603, 0.4318787628089847]"
case_1d527760ae315df1910c,0.7608216069401251,0.4410758844507184,0.19705743609067441,"[0.14642729977409988, 0.16196157428564986, 0.18945750727441174, 0.5021536186658385]"
case_7fc5eb6bb43e68655ba3,0.7347087632581708,0.4724042035051106,0.24152832133307625,"[0.19979809015899044, 0.16461851819434098, 0.24870390705184894, 0.38687948459481963]"
case_f3a1ae16bb1feb23911b,0.8884792114078608,0.7018964676676401,0.40465679066217464,"[0.16824934777767633, 0.33774684659695303, 0.35756934539849733, 0.13643446022687328]"
case_39e72cbb4b3a81227685,0.7446824372804512,0.4905104700105818,0.25009925456304694,"[0.13037782259664557, 0.19983022615477966, 0.2612138573856799, 0.40857809386289473]"
case_553f03f19994d5ee1cd4,0.6358307145351065,0.41501802305164537,0.22006671411335482,"[0.36504624438506345, 0.28818259123242335, 0.12297495295882001, 0.22379621142369327]"
case_4ad8b069ab022dad8aa6,0.7780174829247448,0.527545715259069,0.2779910419220013,"[0.1574109896189957, 0.15155870453916823, 0.20713935083573476, 0.48389095500610135]"
case_d16b8caf9885d9bad0a2,0.7787724704970558,0.5004956652960474,0.24939556670652938,"[0.06222051568162749, 0.45235167415351674, 0.3514074197495426, 0.1340203904153132]"
case_617a21bb8687a2bd8c17,0.5884267043006038,0.33369737045866954,0.15800820636345494,"[0.1442439379457294, 0.14028492143792645, 0.1811138722019104, 0.5343572684144337]"
case_1bcd51c7adb14c69e940,0.7625634449388541,0.48057723685418935,0.2465119749144492,"[0.11114170352645251, 0.14734892529859178, 0.20436858568521069, 0.537140785489745]"
case_f23d68ff2c994fea214c,0.584208186523099,0.31312234820566637,0.1417043220988068,"[0.10582252235879971, 0.23934503870177704, 0.3016524362077573, 0.353180002731666]"
case_f19bd3a88b1e30720ce7,0.6582016858709729,0.3712125622942535,0.16561723165225045,"[0.17062740547674562, 0.19529284300524213, 0.26466879726349346, 0.3694109542545186]"
case_3ea719ef1cd4bbeadfe7,0.7425287675590705,0.5164527305566684,0.2676143460515713,"[0.09080518185751738, 0.22365012007996835, 0.23163172169908564, 0.45391297636342864]"
case_fdc9ee103a4311e66955,0.717826829147534,0.5149173879899431,0.27915976141200427,"[0.02744348157855479, 0.23447282288096158, 0.3252572294414894, 0.4128264660989942]"
case_8a5de5c002331e53bc4e,0.815275860568035,0.5487556806615549,0.2968202821911649,"[0.1575129025803939, 0.23847347853293238, 0.24919837488529645, 0.3548152440013773]"
case_4ef4b5738aae253edcda,0.8268670399165617,0.6375119713949855,0.35956341906807143,"[0.13994523674331252, 0.5310327987218976, 0.15679842596056423, 0.17222353857422562]"
case_706ad86a071b3d03d5c5,0.5928485823658536,0.3378188153152951,0.15860464777507102,"[0.05357599854469299, 0.36542990505695344, 0.21912720799446106, 0.36186688840389253]"
case_a47cbf3042bdbf0a5bd8,0.8621516964571918,0.6703368057364675,0.387962152816185,"[0.05562573253223072, 0.31669275203077474, 0.27294441237867734, 0.3547371030583172]"
case_fbc098d34dd78b5a96ca,0.7632745885355561,0.5057612341314717,0.2589178571934221,"[0.04766270936996879, 0.13537452501048805, 0.21982600007782727, 0.5971367655417159]"
case_71edaddcb78cc15e79a3,0.5981214397993772,0.31779610864296515,0.14297458909231975,"[0.12913039994304776, 0.2605912698496961, 0.21050611828608193, 0.3997722119211742]"
case_a1d6a1d8df5c0258160b,0.6988451499615927,0.43243904143628054,0.21188951608220802,"[0.09796516594238827, 0.4653948853223754, 0.305827681807096, 0.13081226692814032]"
case_49bafa8f8012b8a0aeac,0.8404216317177688,0.5921430169813484,0.3237301152192083,"[0.10136264212734097, 0.32270010185845216, 0.2882734245544823, 0.2876638314597245]"
case_654c1759f41d8bf856f0,0.7051594716680075,0.4511539692229283,0.22639655926940552,"[0.0583200642279984, 0.18467506211550921, 0.2601359522196709, 0.49686892143682154]"
case_119cbb2d05e3d9342623,0.601266791001558,0.3870272196155992,0.18998391882211893,"[0.3337262898648415, 0.18894634971964644, 0.17877725798984836, 0.29855010242566377]"
case_38edbf39e85bd8c7c692,0.7776339889490617,0.5475369128780369,0.275015083250052,"[0.10218106980867103, 0.4873125220312733, 0.32648177706560033, 0.08402463109445542]"
case_f7470da9c12607384dfe,0.8012454998610219,0.5668236786687033,0.311800792950388,"[0.13629736570076625, 0.5112076445511639, 0.30146800537920154, 0.05102698436886841]"
case_690daecdc613929f4448,0.7250648287610673,0.47321633559842424,0.22834591690024283,"[0.08736546227648316, 0.32976150958133416, 0.42687713694666535, 0.1559958911955173]"
case_10869fd7e7c63fb2db6b,0.7747889995689694,0.5363878654189518,0.2867243487521541,"[0.20121869746502333, 0.10843261654474189, 0.2129568029331208, 0.477391883057114]"
case_176a4b7711e8a6bb25ea,0.5852570871979733,0.32885570304918954,0.15179995538660118,"[0.07159416499366929, 0.33159121007860687, 0.39859022890497686, 0.19822439602274702]"
case_c6c5537fb8f75f2cc6e3,0.7176544734070031,0.4881015835291467,0.26034339699327913,"[0.3748196337355939, 0.1596572264402261, 0.1512090756107188, 0.3143140642134613]"
case_f4ff615ec2ca061ab055,0.829538903804372,0.5852209653814053,0.3199872981016426,"[0.3389664413063018, 0.38209516347334627, 0.17198983583169708, 0.10694855938865477]"
case_90bef31b79ca6a9f67bc,0.8091574538406355,0.5800065168043806,0.31951060664351383,"[0.09366674756134581, 0.26715492407662766, 0.5519172987040777, 0.08726102965794888]"
case_db7fe86f18650b025160,0.7667836687510597,0.5124423344297093,0.27170077525105524,"[0.05924235328467453, 0.11895287572557386, 0.24048996448881896, 0.5813148065009326]"
case_309b8db591db1361f6be,0.7351960770547792,0.4712416155641205,0.2295161227087701,"[0.0751315545830879, 0.3757368928648524, 0.3854376201902965, 0.1636939323617632]"
case_905a0a9eb1d0da76429b,0.6732458045683067,0.4184067887305195,0.21200327192103474,"[0.2737446744182009, 0.25007174834502116, 0.221570136821715, 0.2546134404150629]"
case_b9d4312265e00b7dad5b,0.6596078536392032,0.3907941051716016,0.18792694756436112,"[0.20765272547472335, 0.2662614429051384, 0.4192637983361271, 0.10682203328401103]"
case_4ab7108b86ac890d677e,0.6511891357796271,0.39147868278208414,0.19778069468860293,"[0.289431481690909, 0.2076748960981521, 0.23503526677180747, 0.2678583554391314]"
case_56ec5e56b0a460051c38,0.7211258775169317,0.44789410885435477,0.23408100431473544,"[0.24664113460083384, 0.2667674676538197, 0.3513837380171162, 0.13520765972823034]"
case_02aa1700baca77c3d2e4,0.7506751386017501,0.5009945091400579,0.2647739946010581,"[0.06922676507091655, 0.12970344896216845, 0.32452212709292644, 0.4765476588739886]"
case_aca2f9b2b2be88548e6a,0.7702873193590096,0.4996906688858129,0.2322698674396296,"[0.509810785043361, 0.22930307906518302, 0.10398633831165774, 0.15689979757979844]"
case_50e10404b7ef230f81ba,0.6661475863564255,0.4038780618398894,0.19569397920714804,"[0.12776218858850982, 0.2335405896613326, 0.2745334816330678, 0.3641637401170898]"
case_5cff3b983ae6bd46d74a,0.7473001409925597,0.48606887835921475,0.237518337039388,"[0.058204191836410485, 0.3482957745368842, 0.4605478756717625, 0.13295215795494297]"
case_3425ec292d6bd5769d5e,0.8572698450852599,0.6213278932680336,0.3338930705629917,"[0.1960651141170568, 0.11531646767447273, 0.16142206139220036, 0.5271963568162701]"
case_4131791a821e5b8e5ad9,0.687977146821233,0.4583676836839741,0.24379090169349638,"[0.32289415001869204, 0.14598742723464966, 0.14764467477798462, 0.38347374796867373]"
case_7b7c55271028678459a3,0.5490639628638601,0.2838884052518845,0.13686545966923036,"[0.1519311361302605, 0.14359715794916686, 0.21139805631932698, 0.49307364960124567]"
case_82df32d9994f5c3b4ff8,0.731976484943782,0.4478856862255853,0.20974815591950266,"[0.06253209961592601, 0.5761933173665106, 0.289588992102097, 0.07168559091546652]"
case_1331b765186a50b9c37d,0.8028684778372054,0.546295124768345,0.29563834984361764,"[0.13022398210561315, 0.3294115678352512, 0.3275842474195902, 0.21278020263954545]"
case_c9db49c31e42c708000a,0.8475710510283333,0.6291339944518225,0.34533798573081914,"[0.11104414868621075, 0.22608643840188064, 0.524829774217894, 0.13803963869401462]"
case_335429c81d948c6f7d07,0.7764044014498306,0.49706046836353873,0.25846524596373055,"[0.05671679547919263, 0.2625823171968334, 0.532318348264715, 0.148382539059259]"
case_fcc2d1951c41db990c13,0.7911854513384626,0.5523637903872205,0.28718876307043123,"[0.2492468429600279, 0.1866081269770763, 0.4823286019962712, 0.08181642806662459]"
case_935a59d82244242d2ec9,0.862383745014034,0.6377409908446481,0.35094039351274464,"[0.055569276772301474, 0.30742734361419893, 0.38562775462420684, 0.25137562498929283]"
case_54b3d451846c322280f3,0.8489577564064689,0.6153307082419383,0.3256066342192485,"[0.1497905502496437, 0.37089084485468626, 0.39123524200749815, 0.08808336288817187]"
case_f0392de0b5f7fcfe9b5b,0.6522484415768486,0.39023656193114276,0.19505227045982812,"[0.08651917777370917, 0.14163367087622686, 0.19309843297659418, 0.5787487183734699]"
case_42ab60399c7ac0bfbea7,0.6930071153026269,0.4468415755459161,0.2265388133514683,"[0.12886502314934883, 0.2117452952440758, 0.3407640819858969, 0.31862559962067843]"
case_d0ee885aef7938017873,0.8212961719991603,0.6086139775425251,0.31374369253388484,"[0.15497161686113464, 0.4904579526154722, 0.28039464004916403, 0.07417579047422893]"
case_02c9e7610c313f3410fc,0.7219671421937194,0.46142933234644967,0.2305775539968325,"[0.19769483562162224, 0.34139842405435605, 0.38055204237494544, 0.08035469794907626]"
case_9ba4bbcf6f9afea19701,0.7750923769261173,0.5189899671997866,0.263014082215443,"[0.054544896131209566, 0.2052747586605315, 0.5444564664861103, 0.1957238787221486]"
case_f23bfbbe3134402ff741,0.8822680803574345,0.6924879512942197,0.40180103009779145,"[0.16843874796382716, 0.44447550508609246, 0.32027148150507717, 0.06681426544500314]"
case_09fbf9be7253686493bb,0.552090560306805,0.2992519403059861,0.13059057812851765,"[0.06486058989891497, 0.30144872710324633, 0.22827037904898878, 0.40542030394884987]"
case_22405417a1d2677d2acb,0.7669532368735089,0.4774618689177931,0.21304998488431484,"[0.09567072618252988, 0.14107866927177706, 0.2576106558918159, 0.5056399486538771]"
case_a2b1ca1441d3322c3161,0.6213592605025997,0.35480273774811355,0.16769523534522046,"[0.1572401405881062, 0.1788716424287878, 0.3565318860049892, 0.3073563309781169]"
case_6188676ad2a0aa024f9e,0.5866101071885299,0.31220866513214196,0.13741442420285352,"[0.05105000042520464, 0.24553485768846273, 0.18896365064791676, 0.5144514912384158]"
case_de52bb8d08317abaa71c,0.5714424832135458,0.31140966187637653,0.1450623594294818,"[0.09884626966772464, 0.3154887309123701, 0.17625818401037024, 0.40940681540953494]"
case_d86ec5c051147eaa8487,0.4171416896368119,0.2319255138266826,0.11854571348305705,"[0.12165847803179985, 0.10054744927443715, 0.28831006323367164, 0.4894840094600913]"
case_ff052d015e3f1e7c67a8,0.6231469955147121,0.37465923870000434,0.16849153844399162,"[0.24810243429266085, 0.1336962130779333, 0.18179159137252485, 0.436409761256881]"
case_3c4bf00fc58923d70212,0.5697211853221074,0.33504528921242216,0.15271405215652217,"[0.13492538445298372, 0.21809964900507842, 0.16987233192971396, 0.47710263461222385]"
case_a44e1d6dd704e15f8d2d,0.7633093791655465,0.4948162417573101,0.24921807620966951,"[0.05305076538923044, 0.5322909160602634, 0.3579496631018493, 0.056708655448656935]"
case_e802204ca7fbc77a0ee3,0.7161718540254215,0.4522172473524097,0.22556509756087761,"[0.04966008785782839, 0.3480566654538636, 0.37568598753505783, 0.22659725915325013]"
case_5bce7a83b3244e139100,0.7003186692112905,0.4586790046837592,0.2336965617396528,"[0.1285766499170313, 0.12682885844532976, 0.17641761329236272, 0.5681768783452762]"
case_43aa3013afcdc44923a2,0.6970169525074579,0.42558464783977445,0.22017837742639426,"[0.15277138331711385, 0.19520741591914917, 0.3076690222213174, 0.3443521785424195]"
case_864261955a65903cc925,0.7178119682265697,0.4315785772328976,0.21515581645824686,"[0.07772341406102842, 0.13644706352985966, 0.23054816751213014, 0.5552813548969818]"
case_4be1026a81244acb004c,0.7086141748098969,0.4502641786317296,0.21898184892011668,"[0.07079771770312958, 0.24554174290139555, 0.5861459504554904, 0.0975145889399845]"
case_18cb62870424afb937c1,0.67750717641416,0.3931929873349268,0.16542033747137358,"[0.09608043632675127, 0.2483279369422661, 0.28960876472968267, 0.3659828620013]"
case_5061a4a5d8c7abc6cd79,0.6964335535367989,0.44509363467011254,0.21546055079886228,"[0.037534938157437754, 0.13135702327148968, 0.23913544688547722, 0.5919725916855954]"
case_1e60e446e91760b621d6,0.7209184165476287,0.5107508468024535,0.27957870502597315,"[0.22990321289161542, 0.2786942108487542, 0.10781979384121637, 0.3835827824184141]"
case_c77aa3f9181ba9b8a89a,0.762253003560308,0.4805601113802997,0.21154456514632852,"[0.21213586709670246, 0.17123808622956307, 0.17154701411353457, 0.4450790325602]"
case_a408661b338ab3e3d144,0.6662368329938766,0.4035850845973276,0.19328227716926988,"[0.03698483155072604, 0.29855728659770403, 0.3678300810269498, 0.29662780082462015]"
case_cb4b2b54bb7a07a70854,0.6968973693468211,0.43647949109954853,0.20794255588198252,"[0.2176907173934057, 0.2581755968820614, 0.16235005388192777, 0.36178363184260515]"
case_72c3690eae51c0503572,0.7022037047590769,0.41980920838037106,0.20333539335905793,"[0.258908787051125, 0.25597134807212296, 0.2747031322227788, 0.21041673265397312]"
case_6574eb5343f6ed4df347,0.7034463603854165,0.3925553152256181,0.1775533361233792,"[0.047293143404859087, 0.1650636291364277, 0.2753591408062702, 0.5122840866524431]"
case_b9bf67e8e7c71b1cb98e,0.7732639650088929,0.5227105403082353,0.2785532365949398,"[0.09356061893345938, 0.14486679953172596, 0.6147691868915015, 0.1468033946433132]"
case_e9dc05f79658c04a4e97,0.5085729203770257,0.2662705611070255,0.134922836937924,"[0.2540652151605681, 0.11316732463463258, 0.15485743672591906, 0.4779100234788802]"
case_e34d4376277ffd79911a,0.7699791742961057,0.5193415480407141,0.2785799256821957,"[0.22029030653877602, 0.33435733964198433, 0.25179283954470283, 0.19355951427453683]"
case_c6eefed53e81afb38d71,0.6820932588785279,0.41297702714334905,0.20127462309013866,"[0.052003647343837466, 0.0926293274665991, 0.1974393410073477, 0.6579276841822157]"
case_87e92c29237aaee696b7,0.7530492490131092,0.4344983317942829,0.1918507655344017,"[0.16072359931253313, 0.1892140204035818, 0.245798348647957, 0.40426403163592806]"
case_ce6bbc382fe1acf8e630,0.78593544804095,0.5431949308489653,0.2670510671653468,"[0.1177936918603998, 0.21987185907287515, 0.39670882461493506, 0.26562562445179005]"
case_087e033825335ee552f9,0.8676900045789435,0.6215426940289388,0.30078904155628633,"[0.19932146309997395, 0.2216490056711317, 0.15932360481409555, 0.4197059264147988]"
case_55d171084d7f5553b7e8,0.7811685212355892,0.5357560917647494,0.26262286308626276,"[0.20596372325247042, 0.25868514353645317, 0.4103365687228956, 0.12501456448818077]"
case_f6ce177778c867f0d9b3,0.7609269013930607,0.4990330058641405,0.24801457692798717,"[0.07438510865706076, 0.21781733074405993, 0.4310890503991956, 0.2767085101996838]"
case_5764e0e009ba7096452b,0.5202402627804925,0.2661182201388461,0.12452648053853453,"[0.12540782037940104, 0.15709231127608275, 0.18991336290577038, 0.5275865054387457]"
case_15da52a4ff06d512443f,0.6719629496732292,0.40409520622864314,0.18747776000675387,"[0.06715023587651797, 0.46872391593615326, 0.3264286671355377, 0.13769718105179113]"
case_1e8c75a10a3a5d1d13b9,0.7549805894820973,0.48428844592739095,0.24345077462676815,"[0.06445375993497277, 0.17135745674520075, 0.32874832361567535, 0.4354404597041511]"
case_44b2f025bb1e496b13c8,0.7674109018154721,0.5186192937002202,0.2632205524723589,"[0.1645231402184642, 0.10568476907485369, 0.17595109628442593, 0.5538409944222562]"
case_675520be87c211154f29,0.6489421357008895,0.4023709693082527,0.2065816040095729,"[0.29637399580813045, 0.20330867353059656, 0.2273461004556367, 0.2729712302056363]"
case_f3d7b4b5a354776f287f,0.9253848090766341,0.7721617428943999,0.48165038092118306,"[0.23455528119314803, 0.2633853273501567, 0.4245536389138663, 0.07750575254282888]"
case_6efe2159a3844828ef0c,0.8794477610951288,0.6598041244165079,0.35617631719472614,"[0.0674752150710921, 0.20149182368679427, 0.6231722893593604, 0.10786067188275322]"
case_444716e44ebf499a96b0,0.5347726964204134,0.31351185366022355,0.15747596403359926,"[0.1460588251270792, 0.20176887484776956, 0.3819010994391291, 0.27027120058602216]"
case_d17bd10720a6bf0712a2,0.6827138637059136,0.4510125788035684,0.2294344607828387,"[0.06099401891865506, 0.0873815691984651, 0.12871804968038422, 0.7229063622024957]"
case_c5130f6f3d7462afa8c6,0.8046869596835164,0.5567605636342712,0.30334220075255147,"[0.0891843067853297, 0.1256025945002556, 0.3204271345256299, 0.46478596418878493]"
case_b364297a853f4435ed63,0.6631182186919495,0.38311712550874805,0.1910596742945821,"[0.4766558928190698, 0.2691523784621272, 0.11906067686433204, 0.13513105185447083]"
case_8b02071c00b5e40981aa,0.7580635843350503,0.5009356809369547,0.2583216473435423,"[0.28513805908730333, 0.2778595392076068, 0.13916605284685796, 0.2978363488582318]"
case_1eb68afacd16fbb8d090,0.8052033522380153,0.5895485893464045,0.3210271517649868,"[0.321592633807275, 0.30894549908204744, 0.2704998634271253, 0.09896200368355235]"
case_ad8add65b666ee2a3036,0.6370761730773615,0.3602382389474775,0.17340252861519312,"[0.1207205862451235, 0.2860793669333416, 0.5167673324427798, 0.07643271437875511]"
case_b1c95b678b9e75d0efd3,0.7071688484222522,0.43742965108126197,0.2125668464274575,"[0.13991732898440762, 0.2453536395468183, 0.19529637788672052, 0.4194326535820535]"
case_1e03f89f7e9ef082576f,0.8013568183342492,0.5583118876239612,0.2871458653020596,"[0.08469310776730672, 0.12597660779610975, 0.6295531011989867, 0.15977718323759682]"
case_806af362bca201fc43c2,0.7462976483244415,0.48117231541515026,0.23902420059767182,"[0.11971702957659311, 0.1815915850116327, 0.31768429903356493, 0.38100708637820924]"
case_392b51d286fc55aec97c,0.7004695761545663,0.4460389839036868,0.2248312149288303,"[0.1770333671327428, 0.38669299618371733, 0.2929468954450262, 0.14332674123851372]"
case_9801ed28708f7ab0dcc1,0.6878506086393565,0.4044776451992731,0.19964493886289394,"[0.17560554923083638, 0.39473750922632395, 0.37608533249440196, 0.05357160904843771]"
case_f59083132894c1fcde07,0.8562649578574462,0.6237001944223399,0.33374460493086894,"[0.26968269492034574, 0.3214289057733591, 0.31867603558950547, 0.09021236371678981]"
case_ac9cf49047680a03811d,0.757648211863765,0.5158405771463173,0.24945427687503816,"[0.2068813598361056, 0.18873167988279962, 0.2565385617510633, 0.34784839853003147]"
case_7617eea8a167e248d7ba,0.6393500635879299,0.3619590029509548,0.1654169663641016,"[0.04381079978033707, 0.13112594765000307, 0.1942980454520647, 0.6307652071175952]"
case_fbda05e1e0688ebd269a,0.77652320261686,0.49938509793966357,0.2479879584692248,"[0.07115137550840069, 0.40448003434753366, 0.45062116938695146, 0.07374742075711414]"
case_54ae689533a88ebafd27,0.7852102757623164,0.5670235861962079,0.30219176032753137,"[0.37841807112417664, 0.21811384997726393, 0.2183568670496402, 0.18511121184891913]"
case_f00030aa380931580ef2,0.8191880262203516,0.5740757653706451,0.28427484176394135,"[0.05618726803681321, 0.20867938571648229, 0.6510398693208097, 0.08409347692589478]"
case_369da7746145124cc8b0,0.6261698305950048,0.353023386872483,0.18118044973706257,"[0.23554737829863198, 0.43349850850148425, 0.23724535958915643, 0.09370875361072722]"
case_cc24ee17c97e0d72108d,0.7381747383456128,0.4769145525400753,0.2329221179859215,"[0.034406203006732354, 0.3489746232262949, 0.5125262499271653, 0.10409292383980727]"
case_8aaef557e60ca2c99fe7,0.7351421372255005,0.4837747214751048,0.24728692800638635,"[0.11195602550454169, 0.18541960937284957, 0.30810069809080004, 0.3945236670318087]"
case_4b947aa1025c61016861,0.776097870281836,0.48622050893174207,0.2396639801207675,"[0.16488726387951594, 0.1926765763977868, 0.16109192025336053, 0.48134423946933674]"
case_045108d90ed66e2528bb,0.6505689450142174,0.3826919744032222,0.17463173238557556,"[0.1555463538568048, 0.17879554767493414, 0.2091120939632169, 0.45654600450504423]"
case_d0af4a74b52c8e09dbad,0.6540931471535583,0.4262658299325677,0.22175957676843638,"[0.12703769467163772, 0.1359630997897294, 0.1794485146419748, 0.557550690896658]"
case_e00e31d1a0744692c2f0,0.7667729572689143,0.5301864024164047,0.29371265313388356,"[0.12811076854781003, 0.23997162663856283, 0.4260970474717675, 0.2058205573418596]"
case_f22ec45ff52c1b413ac9,0.6401559754913827,0.3361520324807329,0.14268242403796919,"[0.20994355490854186, 0.25146170331720974, 0.20007220923836047, 0.338522532535888]"
case_f36e7be7517e935c71ef,0.6715256394937322,0.39657241782434655,0.18601597440370618,"[0.21409572512307737, 0.17040181996580142, 0.2681050304271721, 0.347397424483949]"
case_739fe5d533be0112bc3d,0.8522388501754637,0.6469687604177992,0.3493757702965684,"[0.25589983110099473, 0.27964382790351544, 0.35815739315668144, 0.10629894783880839]"
case_3b7c6d2496a59c8f6450,0.6468438216014587,0.3859804956694448,0.19653421126565165,"[0.18178612481378054, 0.2678724390591739, 0.2320457461130968, 0.3182956900139487]"
case_a92f0929be5ea74d449e,0.8230149512236802,0.5694691118765549,0.29392889756731677,"[0.10744432050817727, 0.2589116534752897, 0.4032516479007654, 0.23039237811576757]"
case_220c52a51604c2c0c466,0.7862331617184263,0.5400841803655645,0.2780538883488238,"[0.11052300955121365, 0.08022875079410337, 0.19854467273409065, 0.6107035669205924]"
case_100563e03bec7b85ee9f,0.7096047627040775,0.43271830014111,0.2029454520727988,"[0.06914274548292393, 0.1919576634654294, 0.28654615877323414, 0.45235343227841246]"
case_df3657f16a44d8cc807a,0.7496066894829223,0.5017757663306444,0.25910899534534754,"[0.09772743150253212, 0.2382456723425473, 0.4336638039852139, 0.23036309216970668]"
case_38f684c2da6e92b12da1,0.6500180973929446,0.37224879535855826,0.1720960964655033,"[0.09486517430882105, 0.16550099949389402, 0.3346409549276801, 0.40499287126960504]"
case_4e415174a3e164d56fbb,0.7131010735381648,0.49998132992497546,0.2705572003482376,"[0.2746699506759937, 0.257113473926009, 0.1541451259327989, 0.3140714494651983]"
case_d29860eca1688add0ed0,0.7583929265690849,0.48550303368121195,0.22918277084374733,"[0.21048519328959575, 0.22487249411452553, 0.4580510922976001, 0.10659122029827862]"
case_f209555561dd025c4934,0.8272663470281686,0.5872980676826713,0.3302529502294255,"[0.11040415091880566, 0.16380314336917168, 0.21210267076400824, 0.5136900349480145]"
case_f3687317e8641f954758,0.4510759437120168,0.2716838987301154,0.12662645159063426,"[0.6085858256353812, 0.12803539383671814, 0.11739872011775047, 0.14598006041015013]"
case_8ba49adf16c80b4241c8,0.7679639466728624,0.503371538413165,0.25815621718304355,"[0.03954876769059691, 0.2004891464063167, 0.2996244935730525, 0.46033759233003385]"
case_9f20a6053aaebd72d1da,0.7770274814087396,0.4585193341463776,0.20548321035073094,"[0.1657854515040626, 0.12985200553017245, 0.09852429527802316, 0.6058382476877417]"
case_a331cda97464fe7b7820,0.6005812259349994,0.357780824503352,0.1844647319935877,"[0.21793287423153035, 0.4093874515501775, 0.21541056953982368, 0.1572691046784685]"
case_b23efaa8444e695b09a0,0.8163412843224562,0.5806478460017137,0.3042455776009272,"[0.08877631794394138, 0.05514127167688887, 0.20345713230930282, 0.6526252780698669]"
case_c243c61348e2e4e3a24e,0.48150270643471127,0.2681348152970825,0.13448383766843772,"[0.10630181798133796, 0.11970937961967885, 0.24741603197525072, 0.5265727704237325]"
case_ca8f3f0d7b6a2f8db5e6,0.7626478491150498,0.5096985167913239,0.26544130874026906,"[0.2345153621142075, 0.2909661304941365, 0.34181415772444645, 0.13270434966720965]"
case_be0ba0626f3b674ed9fd,0.7138567240576109,0.4547372939660891,0.22773079928244377,"[0.23942902534136595, 0.41444968161079443, 0.24807197019591873, 0.09804932285192092]"
case_d4fa7a198e1a4c5ee235,0.6632066127682671,0.3959693059847262,0.19393851646841298,"[0.11321993658553124, 0.12177177624178447, 0.4294763761884027, 0.33553191098428153]"
case_002ff4070e7334220c29,0.7876439099127569,0.5418251894259094,0.27538688859002813,"[0.1803787086583453, 0.13688300915430182, 0.23832292414711162, 0.44441535804024124]"
case_a43e8dbe7d92617cd3a7,0.7746979463157829,0.48883124217145735,0.24662010084021047,"[0.048373532715915296, 0.24642890228490522, 0.24437601700471032, 0.46082154799446917]"
case_0d8580dddfb1640ef678,0.8612866099560348,0.6593836386562193,0.36006837458622826,"[0.15435894440687647, 0.317095601703862, 0.39556894544748417, 0.13297650844177747]"
case_983dee9d5db5b44b219d,0.5093738553635269,0.25942980982236674,0.1276953854479832,"[0.08360049954324997, 0.16353723716999383, 0.18635954870757426, 0.5665027145791819]"
case_9c3445c6293d1f0e95cf,0.47219168185524363,0.2512664027796183,0.1198146075830821,"[0.08936924633491458, 0.44880818183758986, 0.28412583346644166, 0.17769673836105385]"
case_e6a8203d52079b726dcd,0.7325711687703436,0.45451883097406787,0.2261593036447469,"[0.10713674899712837, 0.16498954715562617, 0.1881502331341096, 0.5397234707131359]"
case_2e675ec087716d1ed71d,0.8563217257189708,0.6261204588650816,0.3334928963953403,"[0.0706439597453127, 0.6224351496115887, 0.2049481298339813, 0.10197276080911731]"
case_4c8c4368bb7dd7e69d85,0.7649479334813861,0.4701047759548942,0.22540197056747144,"[0.11020255170913451, 0.1140456789288348, 0.39199205929034997, 0.38375971007168075]"
case_1700d6bfa4f3748041a6,0.7271654436508542,0.4786859740659989,0.23789896296645596,"[0.0821218038454271, 0.09756336179451182, 0.3638390107612492, 0.45647582359881195]"
case_020a1f7f094fd384c9be,0.7009416042388947,0.3804518526560524,0.16426171172043774,"[0.1346329713957978, 0.1680591923598885, 0.16922955043039883, 0.5280782858139149]"
case_bfd19d796966c7469655,0.6104399969946,0.39994128638403975,0.2002451895235709,"[0.14165125618396693, 0.17553933351589046, 0.32282486471146504, 0.3599845455886776]"
case_04627e45f1de11ee2115,0.608496780702071,0.34393837293662677,0.15623534476259268,"[0.04882368072999336, 0.25691524634772916, 0.5623512559059273, 0.1319098170163501]"
case_1b100a15d610a7bf6a90,0.7050784208145618,0.42331053299154253,0.2115705879698032,"[0.08596896256795217, 0.1749001806226378, 0.4519378794787463, 0.2871929773306637]"
case_5f04aea028a4dcaf001e,0.7882378300397623,0.5531618000182047,0.28880376677088054,"[0.294839600226537, 0.23672045595238828, 0.3202075327554407, 0.14823241106563406]"
case_b77adea629e43d564dab,0.639103044247654,0.37890722690519285,0.18692961258908009,"[0.08495221734046936, 0.17555283308029174, 0.26447864174842833, 0.47501630783081056]"
case_70bc83ab12579cae6ac0,0.7072233540064372,0.4448266465205384,0.22313387735427892,"[0.10297805066439433, 0.10973609373366694, 0.34899385945508093, 0.43829199614685777]"
case_77768695e339bc5f5adf,0.8026186412566684,0.5172444622349062,0.26383289812073907,"[0.08241968468902089, 0.4894324862121544, 0.35441582040653896, 0.07373200869228567]"
case_5a40b14465cbc240943b,0.6945491076492758,0.42524550439920517,0.2004804747857696,"[0.18906676185766488, 0.20820982841632435, 0.469119542543429, 0.1336038671825818]"
case_b7799c52f0e756733b08,0.8130681152881377,0.612594976461823,0.33831599690531877,"[0.08478593563575533, 0.12061952488783638, 0.20284177984956497, 0.5917527596268433]"
case_99922595da1ab3514b00,0.6496307436164936,0.3808342430511304,0.18635925750830207,"[0.0808035207443354, 0.4712133263649446, 0.3392600283699772, 0.10872312452074281]"
case_60cf38763a1870776591,0.5482209846522449,0.3838883621390105,0.21376533426425878,"[0.11784080358772571, 0.13381925373726425, 0.15480453795040544, 0.5935354047246046]"
case_9b412316eed93e94af50,0.811466795515756,0.5584707855855114,0.2596023968086312,"[0.6665685305982526, 0.13494943819142294, 0.07660670807398402, 0.12187532313634049]"
case_5a5b5956abbfcc2fea5b,0.7032617488048181,0.46046752888014486,0.22616592116364231,"[0.40492603446976366, 0.3144680355048564, 0.20445962678711424, 0.07614630323826571]"
case_e36b3e553b3839370b32,0.6331105220888082,0.3889750148803774,0.1897442175668348,"[0.029994848500850865, 0.14192610769967542, 0.5480907055229253, 0.2799883382765484]"
case_980f9f859b7ba0fd22c6,0.7554621946936874,0.4615306085282178,0.19854957520917457,"[0.09404225731529824, 0.1531358404737935, 0.2460925809689693, 0.5067293212419389]"
case_f33d57f195c630ad679e,0.7423938376728859,0.5110472384817724,0.2675615684994577,"[0.1407042471121108, 0.20403614333025122, 0.18535442316661332, 0.46990518639102474]"
case_24da9b79d4702d37aa48,0.6714710274847362,0.4167488990174115,0.21135839615078764,"[0.2497789271142919, 0.4541266509015359, 0.18217013451710543, 0.11392428746706676]"
case_38d8801d7f25ce2bcbc7,0.8532219515976678,0.6447222563215469,0.35981348961185444,"[0.1432137415880067, 0.6259222512140291, 0.14217269878251307, 0.08869130841545113]"
case_c6c46124113b1fd122f3,0.6448093227521629,0.4864869764093718,0.2717515946593745,"[0.21412013705337005, 0.18716923985728848, 0.19098855647150112, 0.40772206661784033]"
case_c1a1c379fa56d538038b,0.8289772787920675,0.6090038321152627,0.3262250574241973,"[0.05894477761581648, 0.14227364500914835, 0.688094517622336, 0.11068705975269919]"
case_1fa11dd8b08a6413a62f,0.8480810953888246,0.6347994240862401,0.3404783976366239,"[0.17649226477898125, 0.2730371510412948, 0.40077607869408066, 0.14969450548564342]"
case_3f3bfde563f9dae567c8,0.7606417308868441,0.44419241128032,0.19737831461808178,"[0.10491393205336925, 0.14458454385924951, 0.18543972866404643, 0.5650617954233348]"
case_17081b3d00578b34fe8f,0.7294605552894857,0.4201706708535823,0.18351778315405914,"[0.1628275370886598, 0.21661935232431648, 0.21382755412217772, 0.4067255564648459]"
case_eac15ce2809a35063d33,0.6739562569798259,0.4130364933694552,0.21440804457089024,"[0.05820344546169556, 0.1305383892812407, 0.2257479939248383, 0.5855101713322255]"
case_fa9a048411902fbbac1a,0.7210144483923676,0.46051482742970246,0.22411840690893783,"[0.09345699429650227, 0.16259399834194033, 0.2460770843112143, 0.49787192305034317]"
case_2c03081b0cde8288e84a,0.7270881626370274,0.46175840686239145,0.21768758827326135,"[0.14682654694668493, 0.16980726370272858, 0.17960029786944304, 0.5037658914811436]"
case_d0b1ce7c238b4dbde01b,0.5505952494412296,0.3865310089856021,0.2071013621878901,"[0.17579743898216726, 0.1419484653778603, 0.21561216986757265, 0.4666419257723998]"
case_543fabb7d4f9a1ba39d1,0.7099100573082282,0.4371923500560658,0.2190493254978045,"[0.12806784061749077, 0.08798591516622356, 0.38740170367120685, 0.3965445405450789]"
case_9cb80e659d4f5af4dc63,0.8513933240528014,0.6069658023507057,0.34100782980563465,"[0.1082306936349454, 0.11473289337373, 0.1364301584304006, 0.6406062545609241]"
case_d2921d7af22147d0a07a,0.5876602450860485,0.32867020276181347,0.15312970677515486,"[0.2005850682523134, 0.06377057223761094, 0.1826545259657092, 0.5529898335443665]"
case_66d6624c25326ab4f49e,0.7459256370893346,0.4810276264446308,0.24970655525469582,"[0.0783326200576019, 0.45191055836109084, 0.3836162401990366, 0.0861405813822706]"
case_fb682cbc59f29ff3db81,0.863157577350874,0.6486377215139513,0.35735945654268503,"[0.12232009967857457, 0.6418846754760974, 0.14708339214728441, 0.08871183269804357]"
case_bb740eb2d90c9600ffbe,0.7417161758866819,0.5427840576302491,0.29443628787460463,"[0.07965950557107523, 0.14443598594090623, 0.2631911881272737, 0.5127133203607448]"
case_0a88ea48c3e731ccc7ab,0.7956453484759225,0.5480301652328621,0.2932907391751256,"[0.03493579651623139, 0.24234917678641432, 0.265416469280143, 0.45729855741721137]"
case_055ac31c85cedf63b491,0.6783077806074939,0.4720140500788781,0.24326731502347526,"[0.05654714325152499, 0.39599606987667246, 0.2554768558266385, 0.29197993104516407]"
case_8bc7977c36566cfd7d97,0.824467392603579,0.5973919471934966,0.30136563260838123,"[0.20486211199572923, 0.4834517697378766, 0.20023873314457097, 0.11144738512182328]"
case_56168618b711bed611bc,0.6646644797677841,0.40939979737008503,0.19716195605158207,"[0.18127654573892002, 0.16191930098199533, 0.3875800865333382, 0.2692240667457464]"
case_7d10c98650a26a0020af,0.807238381867037,0.554384297739405,0.2859544379797975,"[0.0684385759777012, 0.46147688409406373, 0.3229613151792992, 0.1471232247489359]"
case_6c33a1da43931fa866e2,0.7178414209025376,0.4573713797690536,0.23201913822163076,"[0.13827654101208414, 0.18604140940123456, 0.23722948563563143, 0.43845256395104987]"
case_b12e032ff9cd9690be67,0.6776198903551998,0.4095291949694143,0.22191766799558027,"[0.22064821818760733, 0.34271175716539515, 0.20069810837819327, 0.2359419162688043]"
case_7fc5590447ef0f854f52,0.6934605207977828,0.42671040644202507,0.21093391148684526,"[0.5432927647855402, 0.21074528913667318, 0.12618575719674766, 0.11977618888103891]"
case_b9be9b4eb942a7e2f9be,0.7412138218398003,0.5102277325418337,0.2744941776214721,"[0.22447179446364057, 0.21825103185589553, 0.16871985376727167, 0.3885573199131922]"
case_e1561201082ff702639c,0.8616429724793813,0.5891813962469888,0.28074512668234647,"[0.15594390230162114, 0.1704395373774753, 0.18947694358073755, 0.48413961674016603]"
case_7ef6cb533d258015b6dc,0.846833287030053,0.6531589432060925,0.37017836622783956,"[0.28320720298658075, 0.31376313117258214, 0.3171726569729153, 0.08585700886792182]"
case_46a80eee63ee02b3d50f,0.8168985139372837,0.5752488936911924,0.3059247355376817,"[0.2553647662101253, 0.35450143263378636, 0.2945199160492114, 0.09561388510687688]"
case_c42ece2bfb10d80d241e,0.7406585450486531,0.4825718130147476,0.24525518459764462,"[0.22749073437604095, 0.22966101697188318, 0.28806579027156304, 0.25478245838051305]"
case_623fcc1be60b984859cc,0.8357618328665204,0.6261354952554137,0.3317701916813162,"[0.08211477799812597, 0.16033629823457649, 0.44587643513859554, 0.311672488628702]"
case_dc1fb68d303bc1a8d4c3,0.5873326462786805,0.3274525763962281,0.157694472340981,"[0.04683140147241309, 0.20051232889332796, 0.38234417466993936, 0.37031209496431955]"
case_c75944e97a887f54b28a,0.8520578465355937,0.6017930590478482,0.31210545264471123,"[0.09578590908611752, 0.2625340965898241, 0.2281867416463187, 0.4134932526777397]"
case_43a884dd4ead1989f597,0.801594038610474,0.5685882766214085,0.29155745814582756,"[0.11422327552471759, 0.3832769961774699, 0.40761374569218695, 0.09488598260562554]"
case_9760cbc254d8cf2d6e57,0.6678144048994265,0.3964553211353184,0.2016444608421503,"[0.04568993405342803, 0.2524929003957183, 0.2452874378916524, 0.4565297276592013]"
case_96762b9be23cbb5e7b03,0.7854260583026502,0.5244507662297848,0.2595938315765434,"[0.031036242323757842, 0.4162954281899393, 0.45990457781850724, 0.09276375166779577]"
case_7afddbb2a7209139c53a,0.6553162530057277,0.4022599608443333,0.19899060412325742,"[0.16308637760230077, 0.35657798435343513, 0.3438987353807763, 0.13643690266348776]"
case_d9b15cde2cf1f2d379da,0.7387102109700731,0.5004872889495694,0.26919967720358745,"[0.14397609328648958, 0.3898379291012472, 0.3898048246818349, 0.0763811529304282]"
case_f89feca27a7337b696bd,0.715483862570345,0.46720501362985833,0.24756581427441393,"[0.37116849302702976, 0.36942471440426405, 0.15084281282395032, 0.1085639797447558]"
case_8196fe0c160dab9198d9,0.6239168972777971,0.36853320453744576,0.18390580953720814,"[0.16405115274236637, 0.1780235723676405, 0.26675802409730576, 0.39116725079268744]"
case_1305820b4f776e999485,0.7451258854105668,0.4962597760071009,0.26507626391923045,"[0.22628872287949223, 0.2858409025816756, 0.3647639030558365, 0.12310647148299565]"
case_364137cb2afacab07176,0.6489004050808382,0.383235394115429,0.18200861788544678,"[0.06458098583081608, 0.3227294523370261, 0.2762546385106975, 0.33643492332146047]"
case_16697a1eebffbcbbdecd,0.6732511944142859,0.4340300351893087,0.2243479959179559,"[0.22901925969006395, 0.20726366680845668, 0.2395425865575201, 0.3241744869439592]"
case_1932a1d0506ab908951e,0.6702248996661248,0.4117506866906443,0.20592615948461734,"[0.2001495006615884, 0.15946414228609185, 0.31788902697148647, 0.32249733008083314]"
case_11ff218c7394cc270566,0.7183511811152218,0.43982551276812165,0.19863139772993485,"[0.1491699621286906, 0.14558383221236132, 0.13467604714352882, 0.5705701585154193]"
case_7f5b67608db56fc31035,0.6542341948672299,0.3774444561150858,0.1720289879906027,"[0.09734020818659324, 0.14210307365188926, 0.20731273251706353, 0.5532439856444541]"
case_cd2c5d7356d8820fd250,0.7516048697785819,0.5035072782354132,0.2546888181237312,"[0.09111756249622098, 0.11193224873310584, 0.24641838918272102, 0.5505317995879522]"
case_5c3d1406550d645eb65a,0.7236805324157279,0.460169396841008,0.23063830408386382,"[0.4285316737640127, 0.17305041915557717, 0.15400378050501048, 0.24441412657539976]"
case_a38953b907da5894efcc,0.5235000407055496,0.3072772860651694,0.1559458522040757,"[0.2688274025917054, 0.23465700745582582, 0.15420065522193913, 0.3423149347305298]"
case_62589176dceaaf1f9d39,0.7887758391464186,0.5609354496697808,0.3091975463763322,"[0.19274166436384738, 0.3596087701545799, 0.37076302265306976, 0.07688654282850294]"
case_667db2a1bfb65157d498,0.7627117377005224,0.5069361451007453,0.25705271239515004,"[0.08499126979713874, 0.3684541263076417, 0.4884524316283915, 0.05810217226682798]"
case_6f62d3e509ec22d1e36c,0.615063521050236,0.34751669920995093,0.16110573236600445,"[0.0663853519685495, 0.41428797439802906, 0.36630409601185226, 0.15302257762156907]"
case_37a13bcda0ae3df8f70f,0.8791362020037272,0.6700099175517017,0.3704812950293368,"[0.40446295306357, 0.3160137490148805, 0.17628215718536455, 0.10324114073618487]"
case_2d81b72e6066ff6caa06,0.6425579051568879,0.38241174614223017,0.18267041962001532,"[0.06913991501118237, 0.3733437004486797, 0.24708880800536928, 0.3104275765347686]"
case_d4608080eea2fa4e9497,0.6500505525273328,0.39716450217665067,0.19881624544183357,"[0.09377163834844067, 0.13065361820872284, 0.2434454680270497, 0.5321292754157868]"
case_fd4ca76c64fb8324ecd6,0.8397643275493256,0.6401262854667837,0.37579067018530277,"[0.16260917060723828, 0.5833020177367548, 0.1714233562351633, 0.08266545542084355]"
case_8f993e413ed0cbd3d74f,0.8482155976488167,0.633113019004043,0.3609756038336803,"[0.10114768639719941, 0.26620446562560407, 0.42205509136045766, 0.21059275661673882]"
case_5aafcfb9796e59bf9a0f,0.7070846223800814,0.4474993230209745,0.23017738733686516,"[0.09146605716883728, 0.1443624237919314, 0.28879044547611027, 0.475381073563121]"
case_d38fbe45615b7a8e65a2,0.7371042029084597,0.47747235540596067,0.24429319803141733,"[0.36350879885962134, 0.2550383800528086, 0.31483923126420554, 0.06661358982336464]"
case_3a1540e15857098d36a8,0.815938847832395,0.5948263703855386,0.3393774148226671,"[0.1954658089506895, 0.5144690889062721, 0.21010691760145833, 0.07995818454158027]"
case_eb7822a03efdf07f24af,0.8352832364512444,0.6015781329265499,0.3239011689385935,"[0.09353744755340701, 0.10743838777719726, 0.28470574233461726, 0.5143184223347784]"
case_86fb7781e97ec55f1033,0.8218587093968401,0.6123310739386035,0.3221981285417348,"[0.24045332645761974, 0.25953300843269067, 0.17684574933109917, 0.32316791577859033]"
case_cd771065e8307dbee2db,0.6853564769318525,0.41960766918616593,0.2024880962652427,"[0.13743795469329304, 0.4007062780941281, 0.2665062131465222, 0.19534955406605664]"
case_0aadddc4715e61c9b3cd,0.7737338238419336,0.5119679339878913,0.25067436194870135,"[0.3474670170350958, 0.16600828740319742, 0.16621531967172093, 0.32030937588998587]"
case_8afa7a8fbb02a67d5928,0.5903176363815359,0.3448557854294153,0.18507336183114542,"[0.29886485547165614, 0.13657144118377137, 0.1759691665292705, 0.3885945368153019]"
case_8a08a9011553e3cf0942,0.7513422480130647,0.502929951419676,0.25445431797391455,"[0.026526963236445843, 0.0759550766476081, 0.1513296308875746, 0.7461883292283714]"
case_cce18ef6ebb3ae29ae4c,0.6778573795809937,0.4189275485526349,0.20054533852510112,"[0.1528724428668923, 0.12470209971425414, 0.4987449526936418, 0.2236805047252118]"
case_f43c9548e3b9cff0adb5,0.7794594856904616,0.48258268929747516,0.21707071817243562,"[0.1774526602788967, 0.46521473928646034, 0.22194539541168823, 0.13538720502295482]"
case_eb566c5f801050ec496f,0.743655196381137,0.5143781054897212,0.2749382600368281,"[0.2399473258241999, 0.11322674475805186, 0.09923182559818729, 0.547594103819561]"
case_d36f1ac162acc37f8ac9,0.8081059187271312,0.5862862258757104,0.321835595241378,"[0.1109220397172236, 0.3797329780801196, 0.30783932300473377, 0.20150565919792318]"
case_04dd0fbf79fe5ada7312,0.6604564383531842,0.4159564519116019,0.21808014638862305,"[0.06078034950538688, 0.20867977867991225, 0.2996217303062588, 0.430918141508442]"
case_ba18ffaaf91508dfad04,0.8491999265234942,0.6260899389721267,0.3401437954758514,"[0.11706854710497204, 0.11630676324597879, 0.14396041236567006, 0.6226642772833791]"
case_3c6176e112150e091d11,0.7239608736575883,0.5420153523188996,0.33628272063555004,"[0.26556670665740967, 0.3515766322612762, 0.20382434874773026, 0.17903231233358383]"
case_4132a3b955cd71319419,0.4690653271877483,0.2769912942448885,0.12608607336777714,"[0.4486006710016687, 0.19751295776657488, 0.20346220014415858, 0.15042417108759779]"
case_905b2f99289a7d7d84d3,0.661258590806524,0.39362931652283695,0.18247899225152125,"[0.13750762904052635, 0.4164407435834904, 0.32237057849565864, 0.12368104888032459]"
case_ad152b410cd07572e00e,0.5795979932782307,0.3121694106644902,0.14633807504467589,"[0.44292214050821216, 0.20746509961447762, 0.13789735888647806, 0.2117154009908321]"
case_ada6a2d4ce0ca92f5c0a,0.6518849420627146,0.38303248464665424,0.1783002800261856,"[0.05290034703858636, 0.46406202904064536, 0.43006836124596154, 0.05296926267480661]"
case_29518e8acdcbdabfd930,0.7832703359820173,0.528087416740605,0.26990608679395955,"[0.1403273895119007, 0.40299653831269705, 0.3529280758954533, 0.10374799627994889]"
case_bcff72cf9338f0b55678,0.8468195879577676,0.6200903333893701,0.34518773770028166,"[0.033196465819462236, 0.09946153506395906, 0.41647767014717013, 0.45086432896940853]"
case_94d5b768ca50e920089e,0.8364224157573478,0.5804142005785877,0.310462459307292,"[0.09722891088772616, 0.20367490807933863, 0.23447388078644593, 0.46462230024648926]"
case_7dd02335524029598d11,0.4873086533117204,0.28967137883542005,0.13884309602028025,"[0.04692388417915956, 0.2016024895072076, 0.31308830497074236, 0.43838532134289043]"
case_8469220e4c3b11fc5181,0.877125999258836,0.6917027452129553,0.39101238495911295,"[0.19214358754029645, 0.1832986100021129, 0.19178013630109905, 0.4327776661564917]"
case_af141484683efd000d4d,0.8319092252610654,0.6047897348910969,0.3156841834920741,"[0.12908662466296533, 0.1682099677691309, 0.3158131911567443, 0.3868902164111594]"
case_4d29b18add106d50aba8,0.5560575190518874,0.30202067789312986,0.14184749772844749,"[0.23213737300982376, 0.2996421025602754, 0.17909842140178853, 0.28912210302811225]"
case_0857feec1d1d577af4c7,0.7119237838315438,0.4687372817879259,0.24548899103664645,"[0.10230977042476934, 0.2393681724099747, 0.2870555507225295, 0.37126650644272635]"
case_8f93ca74f4a9bcdbfe85,0.7737843706282297,0.5361738806701524,0.26303891455172124,"[0.4147655443797129, 0.27523908924062007, 0.21152400153775808, 0.09847136484190888]"
case_05e2c7de50bd2f639fa3,0.7964690904191215,0.5528385614528338,0.28413453551238654,"[0.09181371715942446, 0.18348336840445745, 0.6006335765028957, 0.12406933793322239]"
case_034a02169718f5641ff1,0.8158181266958646,0.5895135098032891,0.313075332830006,"[0.07457980680271552, 0.09996117725881586, 0.36251166975151755, 0.4629473461869511]"
case_feb22afdf90b02f1548b,0.7991652469844234,0.5451539495524382,0.28443619369870915,"[0.06640049745024398, 0.5229868711624988, 0.2971518078533605, 0.11346082353389675]"
case_66cc65321930844c7539,0.7694566220441399,0.5305368301678133,0.2760430255335403,"[0.037860227537191135, 0.20104862339208673, 0.5323847740941601, 0.2287063749765621]"
case_47ca1facaf974f640418,0.7397668806583899,0.4768517477393793,0.2298373019653931,"[0.06159777753198726, 0.14298656929065548, 0.16512940925859348, 0.6302862439187638]"
case_8b5f65ae88e15e77ac75,0.7836877999379246,0.5514699115404331,0.3023713983762611,"[0.2683400795956855, 0.11612924108582283, 0.20668328527619412, 0.40884739404229753]"
case_a45306490be4dbc43de8,0.7664167704071791,0.5093641438357523,0.26373264621308706,"[0.20415253006565895, 0.23601168901305114, 0.3841193136195653, 0.17571646730172466]"
case_38234a1769b92c1a3df3,0.8727062569536788,0.6760113039271057,0.38581071781097664,"[0.03748973627827646, 0.08859764238768211, 0.3410304241239662, 0.5328821972100752]"
case_8a6ba0cbaf158c9d9478,0.6501948497277303,0.3698674186937079,0.16577031273867301,"[0.2270610524906234, 0.17825622229484916, 0.19629836151991711, 0.3983843636946104]"
case_e8793859750b76600ffe,0.7455215780453284,0.449665990422659,0.20403891926114195,"[0.15830606582304738, 0.2821052747651149, 0.24378935033396854, 0.3157993090778692]"
case_42566593a02ddbac65ba,0.7727448521554802,0.5200610698040768,0.2658932445710198,"[0.06475854516029358, 0.21030260026454925, 0.5024976432323456, 0.22244121134281158]"
case_4ac1975a26ef518deb3d,0.6063549004166705,0.32869206006924806,0.14762338864857955,"[0.13408740906221997, 0.23188259679341472, 0.22174229126254563, 0.4122877028818197]"
case_ba97bea8184d0ad6c57e,0.6230474402324575,0.35311930342501513,0.16983201920801744,"[0.22480226882214582, 0.18381613407518585, 0.3494137631479015, 0.24196783395476693]"
case_fd6c847e191bf9bc6307,0.5797917932617423,0.3598294615500577,0.17206390441050567,"[0.21078951883982625, 0.08936845268967872, 0.105987809983023, 0.593854218487472]"
case_f1642d2b1895dea35b6e,0.775921585328961,0.544125796685491,0.2619574463633668,"[0.13921145163043874, 0.19043211383538092, 0.20215248492453639, 0.4682039496096439]"
case_3073271c3b23a2aa06a3,0.6772608664063406,0.42549556304733543,0.21673724149985185,"[0.045930986893484516, 0.054888963894878455, 0.195234495766754, 0.7039455534448831]"
case_8c263949fdba57307824,0.6058799263201184,0.3669011965253441,0.19147208230694093,"[0.14405348534560133, 0.1758033074030132, 0.1906777105152113, 0.489465496736174]"
case_a6480dcf1d20865d6904,0.7658181820438403,0.4949228825544758,0.2442004248930313,"[0.21218760313955284, 0.3772395187374583, 0.31892831777009223, 0.09164456035289664]"
case_dd54cfa881d5fee0870e,0.728260419008556,0.4727061002375873,0.23060921432443687,"[0.12739269085646565, 0.38351992732131635, 0.3611003976524535, 0.12798698416976442]"
case_c113e2625893571c3f54,0.664532290751743,0.42729430256986556,0.20690467326758602,"[0.09652961122030157, 0.31757971247224054, 0.1945245192088298, 0.39136615709862804]"
case_f0367e57a0424e550421,0.7911827220322979,0.5652858801047524,0.29684764726110785,"[0.3235182226359513, 0.23300790922730993, 0.35262687416052213, 0.09084699397621665]"
case_65d5010f55725c9a8b05,0.742366350213033,0.466066146118963,0.24668262184017903,"[0.0687164815557101, 0.1707648584578427, 0.2206944943913783, 0.539824165595069]"
case_f81e4aee03dea3851510,0.8444241640366448,0.615488401171978,0.33773577729176657,"[0.09630232756879438, 0.15486709095735712, 0.23595444208451447, 0.5128761393893341]"
case_cdf7ea962bd68312043f,0.7150153918330582,0.4504349680827195,0.22652045120529152,"[0.07428148321170495, 0.13551070783636798, 0.22404173222763124, 0.5661660767242956]"
case_ce26c1fe1caf5bfba3b8,0.6148478591908475,0.3657608681347114,0.17454516787085372,"[0.1355572534567755, 0.1803424683506154, 0.2858056749614989, 0.39829460323111027]"
case_e693dbc5300d67e377e4,0.8157697796149925,0.5818613104880096,0.31412667763478996,"[0.15026476205657777, 0.27867753642451937, 0.38659099395709007, 0.18446670756181274]"
case_0e812646d25d63c871be,0.7368687020583988,0.4747336219671558,0.23776442565730382,"[0.02153294137410458, 0.2606191200666169, 0.5926118930731488, 0.1252360454861299]"
case_be3fd443af96df5e707d,0.7120473721913849,0.4391390241723879,0.2255616385773639,"[0.07189321404973976, 0.4256004043698205, 0.38181592422458727, 0.12069045735585242]"
case_767d2ca29f5c4eb3d65a,0.5349818572486699,0.3390763026205655,0.1633719252100051,"[0.236903082835671, 0.13228988058938554, 0.12706040213918124, 0.5037466344357622]"
case_17611f93d3ade7b067f1,0.8006982569032607,0.5256628145853856,0.24363785879528668,"[0.15932094146136605, 0.12248611212921225, 0.20508967389737703, 0.5131032725120447]"
case_831b58a3e2b092675b32,0.7051568608805914,0.43333497929872244,0.224864396236995,"[0.14525869813394618, 0.4691886053052978, 0.2642100601839288, 0.12134263637682728]"
case_b26d968132c32379ef75,0.780794890792343,0.5133607799257945,0.27555093881115733,"[0.11623363508612726, 0.2296913953638749, 0.3226847764973729, 0.33139019305262485]"
case_37a3c6226ca44e68d682,0.5383904681565639,0.29501934803026353,0.13774815681608965,"[0.2990607075323217, 0.38266875730953187, 0.13903237237805408, 0.1792381627800924]"
case_c793a4c2d69fc5f8c12b,0.8015639577413414,0.5578660672080655,0.27355681691426,"[0.1885197313350479, 0.2462967448488363, 0.4698270429696583, 0.09535648084645747]"
case_88ef33c77dc757b4eb9d,0.7868760697084989,0.5347071284270194,0.26911852482417514,"[0.051368756659880804, 0.3708241732898936, 0.5076700611697179, 0.07013700888050765]"
case_091858df3fb8d604a412,0.6762008936838373,0.3979190017936604,0.19163077632027897,"[0.1107434242889825, 0.13799216428830358, 0.180866921606218, 0.570397489816496]"
case_2476f177c2ee7187ec44,0.8349704873153464,0.5846362588479757,0.3135420051000842,"[0.20397489545360273, 0.2356671200056844, 0.20499430772665558, 0.35536367681405745]"
case_39976db74d95878efb47,0.6345425682317406,0.3588221101151553,0.16173725475541997,"[0.22022494765144068, 0.32859785328904134, 0.2992807616604238, 0.1518964373990943]"
case_d5852d86288ed0e442fb,0.8122960486506274,0.5734748792777129,0.29851398914423366,"[0.14735325890165635, 0.22592481917806131, 0.18800960313073156, 0.43871231878955086]"
case_e4e3f6a9a152b72599d3,0.6557417039243165,0.39221780796613037,0.19106367995115053,"[0.1014226061275316, 0.27843042347944286, 0.2233670171900632, 0.39677995320296233]"
case_6f58d772906ae08e7c71,0.6802857963365454,0.4188990399601892,0.19511826746050356,"[0.07325884274619474, 0.2740726061882752, 0.5566426591773113, 0.0960258918882188]"
case_4941724d0523a3a526dd,0.8659734037471081,0.6371667339851376,0.3477114401153221,"[0.1630390115893108, 0.158437936936961, 0.19120467771877322, 0.4873183737549549]"
case_87c3ea235501d457fd2e,0.7901746063860297,0.5626187883096185,0.31229824125376954,"[0.387672939200447, 0.25129361035685616, 0.14414564536223945, 0.21688780508045744]"
case_2033b0cd11753877efc0,0.6679340475425105,0.40985861616535624,0.19876011608784955,"[0.2564160690858854, 0.19532679668653244, 0.2818309506505302, 0.26642618357705206]"
case_09ab4b92b1224700a267,0.8465752975027458,0.640498580151849,0.343814543239576,"[0.11273289685351626, 0.16724939165628244, 0.27668476997917213, 0.44333294151102925]"
case_8f9bdb942a3711e9794a,0.7032714293410538,0.4387533857593906,0.21938553259328653,"[0.10505900810317177, 0.1656567015942908, 0.2575601471982308, 0.47172414310430655]"
case_91b3f5a75e2eed6dfd7c,0.7050753421216961,0.44533199445273036,0.22303807325288977,"[0.14398735079772856, 0.1882816184265517, 0.2580784841890425, 0.4096525465866771]"
case_2b40c0b5d87bf485d24c,0.789115190549091,0.544274378722917,0.2949981373978287,"[0.07131852087009839, 0.08568507554234299, 0.28760752190987987, 0.5553888816776787]"
case_6f28d860301c91a92f68,0.7426171374794307,0.48351520129589587,0.252317611874089,"[0.017366473923956897, 0.10219839616095897, 0.21268929457016697, 0.6677458353449172]"
case_a7c5ea3d70585ff8d72a,0.690979060479018,0.4184596418298484,0.19557806844802433,"[0.03674930132478059, 0.4083571398756333, 0.4847663252637763, 0.07012723353580971]"
case_d517e1ab42f0bff74de7,0.7776618619148988,0.5367388112723667,0.28445000983795454,"[0.12648245541474276, 0.46331210776195403, 0.3121027104603922, 0.09810272636291115]"
case_2edbbbe55e2db3666607,0.7721403972305818,0.5070839920383524,0.2547699419603768,"[0.04459399084537584, 0.31992549932272235, 0.5343127296014374, 0.10116778023046454]"
case_1f3009d8bf884da3feb3,0.5749961569106672,0.31644529355278245,0.15761871830486285,"[0.37753117117984336, 0.1795485335655729, 0.1655595888859095, 0.2773607063686742]"
case_b1cf22724b5d5905e32f,0.8517916615034822,0.6224324695819025,0.3334596579112234,"[0.20329088205175014, 0.22046787940619206, 0.191440557990541, 0.3848006805515167]"
case_28a78054abc1fdb0f1c2,0.6197562927323362,0.36036387052695606,0.17231758788764592,"[0.06172661043607053, 0.3177650830179548, 0.4018900555851026, 0.21861825096087195]"
case_a0afb3d3c99b7ee5f236,0.7273022614041906,0.46506935725214515,0.22687514340648265,"[0.08717373318386792, 0.2035053274662255, 0.3508623305117308, 0.3584586088381757]"
case_7aad0e7bf75573483411,0.6928548758498956,0.4135314805098819,0.18595731162464557,"[0.16919630000167982, 0.081676176039037, 0.16112626310048833, 0.5880012608587948]"
case_f07851ce3e0118829446,0.8395258928412216,0.5864389286490191,0.282791740407791,"[0.14293279179651483, 0.3320469235131293, 0.4157566449118203, 0.10926363977853552]"
case_965886c4eb0b3d2d5d0e,0.5847360859575992,0.32682665699186375,0.15057285038752533,"[0.08911722249318824, 0.3742797948462975, 0.18728351779411123, 0.349319464866403]"
case_f953263673f44aff3c3a,0.7393447462990537,0.49099319164653904,0.241335196507949,"[0.10059554933081749, 0.17524250924009063, 0.23010305809728962, 0.4940588833318023]"
case_e0f8bd0cb1cbe860ca50,0.850246374568558,0.6498196913715004,0.35635359782327614,"[0.10576567156948259, 0.15287534064949368, 0.5743652361480054, 0.16699375163301827]"
case_801c5bd218dca592a30c,0.7948121854870549,0.5239513869583482,0.2433531402735919,"[0.07576217726997413, 0.10068960017788052, 0.19079757446023188, 0.6327506480919134]"
case_15e7de4ee7d764556e6b,0.7601049226548959,0.49353566355433676,0.2607087431328344,"[0.14821295213755936, 0.22640447937119582, 0.24588937136513098, 0.37949319712611385]"
case_5b832017798cd270fc65,0.5317388994629689,0.25954232997362714,0.128261850644184,"[0.05827191955218471, 0.1486820058034866, 0.2386345548894268, 0.5544115197549019]"
case_c42c5e8a053b47fe8899,0.8388689004307983,0.6054719975830171,0.3312953712073829,"[0.05395344329469347, 0.2304954449956439, 0.5614321270537787, 0.15411898465588403]"
case_2825eca16c206c7f7785,0.5427052670636698,0.34820471508261314,0.17976765296544106,"[0.11060874859042838, 0.1595618455966876, 0.15024204835512084, 0.5795873574577631]"
case_cd539c5b01bd9afa402e,0.6602906874150695,0.38770545130044565,0.19182653897982527,"[0.0982573704395553, 0.25473599471857544, 0.3457850938227551, 0.30122154101911414]"
case_6a855558e2112190b982,0.7486581973178614,0.4836366063437738,0.2559560199876376,"[0.09328577502614627, 0.33202955699236375, 0.3246696977163061, 0.2500149702651839]"
case_26e940a3f812776d8d0d,0.6806707211372642,0.40680613255675624,0.186679565589845,"[0.11657563822788491, 0.20390641190228365, 0.21842697685890003, 0.4610909730109314]"
case_3093101f33439baa0b3e,0.6666615862613845,0.4303338579880239,0.21789580283519494,"[0.16526681527664774, 0.3605830077728766, 0.3953714327417954, 0.07877874420868027]"
case_f24ffcfe9d3b07a10078,0.7499415580935309,0.47854815304814546,0.2479803020456233,"[0.1271098074648601, 0.22360703708205235, 0.25309551607461583, 0.3961876393784717]"
case_a32ca0e557120b9a39a8,0.7485728054445486,0.5321714838266791,0.2845346624379507,"[0.08288274314355236, 0.16286856197669675, 0.4031438997317614, 0.35110479514798937]"
case_fc4875f937c0cd1396d2,0.6869387955976396,0.4288621813316963,0.19937608205814059,"[0.6215683931243817, 0.14432286925858445, 0.10174650270703763, 0.13236223490999613]"
case_361747e84c09820c9abb,0.8424113606742034,0.618360331140154,0.32061732984579083,"[0.28429039079796803, 0.2288248779913798, 0.3927038175737403, 0.09418091363691196]"
case_5d59a9a9e5b4a2946d7c,0.7398597292746065,0.48645362962337524,0.24541253120908435,"[0.18074866059310932, 0.46252072384577875, 0.2856820459877222, 0.07104856957338962]"
case_f562bfbad804706dd8cb,0.6614683927195248,0.3937255194813146,0.18023677760321244,"[0.05074246479060041, 0.449054276106778, 0.3913461022240182, 0.10885715687860334]"
case_69134573a841af78a2ca,0.7587978196710218,0.5253477105977624,0.2692855993412204,"[0.1014458877236038, 0.446728426279294, 0.3430533799155963, 0.10877230608150587]"
case_36d1172016c4d7178e3c,0.6493563820832295,0.38856453188456574,0.181470142300726,"[0.1733082218770703, 0.48253531189199733, 0.13048419570057046, 0.21367227053036209]"
case_f73035b26ecf35c1c0e0,0.7665325156713286,0.5084947083010727,0.2654961316774949,"[0.09936596175959463, 0.16286756945746375, 0.29641499652094755, 0.44135147226199395]"
case_e0ffa5d2fb28ed2b41f2,0.8143743083867196,0.5847102873489316,0.30012868742073967,"[0.10387890362116449, 0.09001112972947463, 0.41427811476799425, 0.3918318518813666]"
case_0c1d1413420fe88f40ae,0.7606355880532536,0.5170171492489148,0.26676018872720275,"[0.16296820948507224, 0.3059865035001083, 0.4091233560976082, 0.12192193091721125]"
case_c37cfab13d0a5b728cdb,0.7575556195670046,0.4616858808675043,0.1992634750602251,"[0.08436172460915226, 0.12029499014970296, 0.19239315828954823, 0.6029501269515966]"
case_5477a7d8b7ff3356b614,0.7712055930596329,0.5201762618612444,0.27045924831169704,"[0.0904697104012422, 0.1799931315184868, 0.3683790081433236, 0.3611581499369476]"
case_95e3464e8ed1a2d040de,0.823964231925824,0.6037405721999349,0.3213180119585372,"[0.2034715118021388, 0.33579957726569176, 0.3564273196874274, 0.10430159124474192]"
case_5a67d6a1bdfe5afd2f2e,0.5383669664760505,0.336542155986911,0.16935281598087273,"[0.051198640797695774, 0.47173857832406907, 0.403658079608535, 0.07340470126970011]"
case_95f1bbeabaf13f111f14,0.8012724566643961,0.5417410126437352,0.2944052317476935,"[0.11492866294820406, 0.20424832881130028, 0.26064430812097233, 0.4201787001195232]"
case_99a5e0119c33b785c45a,0.6784528428125562,0.3724089844480462,0.16049765282204986,"[0.1728509927605063, 0.29387520762123104, 0.21005501088483627, 0.32321878873342635]"
case_9a4f58f8cf62273a5d30,0.7494703195852253,0.4996964840690133,0.2634033954103322,"[0.06662454029005911, 0.12290016472682037, 0.2868894670463159, 0.5235858279368046]"
case_e49d1d28f5a09052922c,0.7002859084261389,0.46097450069709633,0.2705267434529862,"[0.28154909900828357, 0.3108624418325089, 0.2839809207534942, 0.12360753840571331]"
case_1b552aec1b5f31ca345f,0.6609103880273117,0.4034882195871696,0.194180190191092,"[0.09741159361109784, 0.25033620633635795, 0.2582615588968307, 0.3939906411557135]"
case_5e2109031aba854f9ed9,0.8203004333627921,0.6001033322925142,0.3265773448201492,"[0.11535254788472749, 0.2368708998164574, 0.35818328119003456, 0.28959327110878047]"
case_fc2843bb606b5d3d3da6,0.7257158273623527,0.4734174116099079,0.24036684564309777,"[0.11112870573997498, 0.23545222878456115, 0.36014962792396543, 0.2932694375514984]"
case_b69db576862f53250b4a,0.8501807881467771,0.5528672797545666,0.25064975468682377,"[0.053853363429258824, 0.39068581593569024, 0.502391705334032, 0.05306911530101886]"
case_02d9e1ffd34f6b06ba54,0.8157772901606823,0.5615430548240659,0.29044952014004133,"[0.1753077810266846, 0.3120519438745139, 0.28717889871352587, 0.22546137638527566]"
case_e9736f07551343fda276,0.7643796400240068,0.4663653049419626,0.20334068095303612,"[0.033365399465036534, 0.1683265809006838, 0.5316765797101183, 0.2666314399241614]"
case_755258b33c25681ed980,0.795776349814349,0.5353676476954284,0.2545978524004727,"[0.28636467819865963, 0.15045214117381825, 0.16299228363619359, 0.40019089699132854]"
case_0fb11b4a559d8be1e8ce,0.5862794915934959,0.349309755413539,0.1898943661139102,"[0.6347370547895383, 0.15994296032152078, 0.07302981366013611, 0.13229017122880485]"
case_1ed7d16b41911dd92303,0.7768015512852661,0.5465935349621087,0.28547612950538925,"[0.19988811671867232, 0.4111419807536366, 0.26849203087696993, 0.12047787165072119]"
case_ad177179b4b1bdea3295,0.6664627858251206,0.4146171403259122,0.20910123598283065,"[0.08733407721966006, 0.1474560563809391, 0.27450894529329206, 0.4907009211061088]"
case_0e45fb93cb32cc16367a,0.7130806931117952,0.46735001188087005,0.2501587100290632,"[0.14824043562138664, 0.28961847812915786, 0.19441038034810634, 0.36773070590134915]"
case_5fc6422f6cbc57f2236a,0.7286187692048277,0.4267969816934769,0.18603627516498678,"[0.06417584041939986, 0.1114606871370519, 0.17760980414032204, 0.6467536683032262]"
case_97e917d4b198bf58aa1d,0.7668425868731105,0.5182658785860645,0.26686277519168017,"[0.16732213745319205, 0.15302572800807437, 0.30670199600844983, 0.37295013853028375]"
case_9ea6b7f5d07cc325dd93,0.679390586446547,0.40234158699066747,0.1845705734590312,"[0.18583932391048485, 0.18333197409910001, 0.194039309113632, 0.4367893928767831]"
case_3ef3ff7f312bb36092f8,0.7461394378212257,0.48797720705566733,0.24700620985895297,"[0.058674377294197624, 0.4370474413145199, 0.39092448017777254, 0.11335370121351002]"
case_3a6cf3ceafbcc0af3c4f,0.5542615277340883,0.29300762388738044,0.13952657847461097,"[0.34739612652997054, 0.10561065257283882, 0.24456602609511843, 0.30242719480207214]"
case_54f4f4adc0646b012ed1,0.836545830465339,0.6076252299549582,0.3297860612691433,"[0.2380352070306442, 0.2736706594577762, 0.38076930727809444, 0.10752482623348518]"
case_0ee52ef347c49f34f52f,0.7856110300905562,0.5601894956758832,0.29820969693601607,"[0.11342384712256431, 0.18477680692053364, 0.26511661591570895, 0.43668273004119285]"
case_c7d31cd82ac08b038137,0.7088637292726754,0.4466467350121066,0.22986239570957437,"[0.2335118011622918, 0.32695624037411075, 0.3489834109009301, 0.09054854756266746]"
case_2d86c0c1a854dc99770c,0.6987916871339593,0.4352647495525622,0.21419526786402768,"[0.11496549615243372, 0.24772143809629343, 0.28295144607395795, 0.3543616196773149]"
case_61d0957935fe03a78212,0.7020859402478491,0.4234174385189348,0.20690538331169622,"[0.061057705386685056, 0.18471415029114924, 0.4526111897434211, 0.30161695457874466]"
case_0f2008cd80bf316a96d0,0.768016386793767,0.5050300993268844,0.23030804400406404,"[0.25896019052219615, 0.4100991238367453, 0.22650690944799073, 0.10443377619306773]"
case_031e130e23ef2c9751de,0.7030484944239237,0.4408694243467074,0.22271705172317205,"[0.14466427986329167, 0.14517033669716856, 0.16105328438311922, 0.5491120990564204]"
case_c30914664b4f65e22feb,0.8133572470811342,0.5567709652327422,0.29380472711274136,"[0.0758756217050278, 0.1782089878723243, 0.3168285444231761, 0.4290868459994718]"
case_4cb242a0e37d545d8624,0.6935370735367798,0.44206468277616706,0.2199810767101484,"[0.13523204922676085, 0.1809375464916229, 0.20850391387939454, 0.4753264904022217]"
case_a51e49c96189c079e01d,0.7195864749768488,0.4697273084360069,0.23417428446209848,"[0.23310136710984256, 0.29257631418356383, 0.3832367834216288, 0.09108553528496492]"
case_c278ed815d3ad6f2c292,0.765873249470087,0.5131805720936762,0.26470577701674247,"[0.11537156973298349, 0.11797883414738865, 0.20634523089672652, 0.5603043652229014]"
case_0d8972277f3275286409,0.7440151338439898,0.5503859662563659,0.304331905879867,"[0.16381362847491415, 0.45939625384773874, 0.3002399922932386, 0.07655012538410855]"
case_b6d986a00b5de55ee06f,0.8009000041216929,0.5593436907042881,0.2894958798684999,"[0.23123724970505666, 0.5442756572951538, 0.17571125114071648, 0.048775841859073035]"
case_3a108396382a0bc594fb,0.5952545686638737,0.3607222790058952,0.17452109341080746,"[0.31334430604191144, 0.1867105831309767, 0.20015425145786966, 0.2997908593692422]"
case_4c581c8693a9105b7016,0.6085330833495091,0.3805282470983071,0.1929404554712277,"[0.20292058941220537, 0.25808402886290516, 0.21874254979202093, 0.3202528319328686]"
case_6a2042a6606d21c2339c,0.8212612867390074,0.5881300873861333,0.30960012343335747,"[0.11632165652444694, 0.11186227534783635, 0.2036374647021474, 0.5681786034255693]"
case_f472d5ab6edc2cdcf178,0.7143944628855856,0.41053539218970836,0.1781968445098703,"[0.07244626693958332, 0.08829317436967209, 0.24969716202309736, 0.5895633966676471]"
case_ef31370a63eb18bde460,0.691533075360221,0.4308063737169805,0.20768727610255844,"[0.1336610154349925, 0.3207037427509277, 0.20751126059903216, 0.3381239812150476]"
case_ed07884bf23025eff274,0.7845970124641907,0.5056403066674513,0.22760599921248176,"[0.060257920228373056, 0.17325495116669906, 0.5826847910062048, 0.18380233759872303]"
case_8a5c9961637ce165557f,0.5949291931634457,0.33390695514944935,0.16016811754445182,"[0.09094898162134822, 0.24997549885948728, 0.5849238062167204, 0.07415171330244405]"
case_8e212d39ae240d0043f3,0.7277158751645314,0.49492106954445564,0.26736633509094,"[0.12470787987287116, 0.18109300624672764, 0.29912836075348637, 0.39507075312691475]"
case_36f934d78c75a0488d4f,0.7246769574013295,0.48731912024719365,0.2629577354951814,"[0.0629101896202047, 0.2363044013894448, 0.23529686682365136, 0.4654885421666992]"
case_ab746b4d79eb11118255,0.7464148340888367,0.5017848458588361,0.2717578544529349,"[0.07917808097213093, 0.2908002972558263, 0.2411995867386291, 0.3888220350334137]"
case_8a0899cd6f104de2f7aa,0.8296450824829751,0.5902606299192937,0.3169197833302219,"[0.12289121174310419, 0.11949409128366208, 0.2818927880698564, 0.47572190890337734]"
case_21a3202097239b8490cd,0.7865741054730482,0.5004789025932168,0.24256087751274868,"[0.06394675056540648, 0.25823574277011835, 0.3497983322741725, 0.3280191743903027]"
case_5383d06bd6f2e1e191a7,0.8348595341967315,0.6141213899650338,0.32852026738581364,"[0.08331359897985931, 0.36902003901964553, 0.4374240124573235, 0.11024234954317165]"
case_b4326ecefb7d2a9e6697,0.7767153366042806,0.5150084339747878,0.2619503607490169,"[0.07465167272472636, 0.4450574742487107, 0.35569112075841103, 0.12459973226815182]"
case_cdd63b0150c862025072,0.5877633148439259,0.3357031788758004,0.16710005605567618,"[0.23905721391090262, 0.23101322444367506, 0.3240834534995248, 0.20584610814589763]"
case_34e02cf977b12dacf773,0.5724201639083208,0.3076229942529075,0.14460223370879022,"[0.36985304563799637, 0.22752522610203105, 0.15667911340830068, 0.2459426148516719]"
case_ff541f1908883e2ab479,0.6990579686245486,0.4208973628544315,0.19416209281019303,"[0.04085325121243856, 0.5396249552099037, 0.3771449835811184, 0.04237680999653928]"
case_14a2b3fff6011ac233de,0.8908083827695732,0.6658715905297091,0.37319544958247686,"[0.07545400635830903, 0.47847702635809675, 0.338985106045897, 0.10708386123769714]"
case_0081bdccda47f17415c4,0.8169736285629711,0.5825595755682011,0.30460191591801045,"[0.1097344583760841, 0.09958933419959148, 0.21819409706391368, 0.5724821103604106]"
case_bfa661634b7bb5f330f5,0.7713826265346758,0.5130718585621517,0.26626684830157227,"[0.35213682196079116, 0.29388519245139416, 0.2084490736941289, 0.14552891189368553]"
case_b12b9d0eadef4c490db8,0.6173885378998066,0.4026852045922859,0.20910232774330434,"[0.26726217350878856, 0.20656873809049808, 0.16429513662013012, 0.36187395178058324]"
case_66d7b25d69959b235b3b,0.7767178154324718,0.5292531705719167,0.2596311686137962,"[0.2194240340949761, 0.25516481958100484, 0.4089069723811435, 0.11650417394287546]"
case_a4c223080a0966c05089,0.6072073256988906,0.38785630127020826,0.1908522967028901,"[0.03403691516604346, 0.21728182807752341, 0.46061957881282994, 0.2880616779436033]"
case_4fbad0d64bbd4b8905c8,0.6308319328239768,0.354723051773824,0.1711049012423013,"[0.22841575341634862, 0.11661727525315908, 0.22893268959701352, 0.42603428173347885]"
case_5119d2593b06fda497a5,0.8274552622097542,0.6114474276753091,0.3407221543340454,"[0.09742058547997075, 0.5592718824608602, 0.27780961613747507, 0.06549791592169397]"
case_19503d118fd85c1b3b8a,0.8048151610229165,0.5632419789707073,0.29859901799729743,"[0.08685004441972952, 0.29932674741278825, 0.4711946207110511, 0.14262858745643117]"
case_0d3c8a9a6294543b0dd0,0.8111102379544703,0.5285566933036877,0.2649743233405752,"[0.09805688151018065, 0.2465524161915564, 0.22060395639224498, 0.43478674590601796]"
case_6b460eec72db0dab2dae,0.7768787972912876,0.5286392434820418,0.2706122884185428,"[0.12659525134700036, 0.6048378495619708, 0.18632708392717723, 0.08223981516385175]"
case_4adb9bc0b1a09d2ea315,0.6711254759163185,0.445053166837268,0.22833150060550902,"[0.09278239905834199, 0.34385850727558137, 0.29616939425468447, 0.2671896994113922]"
case_30b00e935d128631a4b4,0.7293000229318019,0.4703381484539336,0.23812488094158685,"[0.14318718739524858, 0.3079783998968792, 0.38171294174536535, 0.16712147096250687]"
case_64baed99909914634975,0.8089730439935232,0.548410698711223,0.28784223231468264,"[0.09744116169525405, 0.32464198808743644, 0.21593779401714291, 0.3619790562001666]"
case_499c1434dc80bfcc9d15,0.727006743973495,0.45882156866477775,0.22041452141451576,"[0.053880390502398484, 0.3825483552261221, 0.4855344181803014, 0.07803683609117794]"
case_aa6261618b325a507c33,0.7009521387879434,0.4338281217656597,0.20425634895567238,"[0.033786944951818526, 0.5378133878487739, 0.36762189358397945, 0.0607777736154282]"
case_2cf56ede2a7030f67f2c,0.6317204605639366,0.349405100855627,0.1754192714502276,"[0.08248548016878023, 0.11400835109505189, 0.484386076347478, 0.3191200923886899]"
case_7d9c3cfb9fd7c66b29a1,0.7402776045492767,0.48016275552938,0.24622914829003087,"[0.07304877457149875, 0.3708127303236154, 0.3105203108019219, 0.245618184302964]"
case_6635a66c59515a2b5af4,0.7263010784850408,0.4409611039274498,0.22144938544571433,"[0.056226072165636194, 0.2880844661322609, 0.30654773728012413, 0.34914172442197894]"
case_5e33224a72a465304a42,0.6866102850306522,0.43762971466015954,0.21614277681991426,"[0.07338127392015877, 0.2988753575873548, 0.5358032087392985, 0.0919401597531879]"
case_5e677a0f932d0a013dc6,0.8233373139872072,0.5934740344427059,0.3137520433351609,"[0.08023969019602252, 0.1730898671431478, 0.3012273336042086, 0.44544310905662104]"
case_219eda668bbbb6f7b48e,0.5496130308839008,0.2909535639087108,0.1391449792102259,"[0.13459672629833222, 0.1670371562242508, 0.19319586157798768, 0.5051702558994293]"
case_84ef10805b70d4270c6a,0.8381804253656762,0.5872479826067099,0.30462919861495497,"[0.04561103008296368, 0.43341547701480265, 0.408093290152833, 0.11288020274940067]"
case_f1567fff963d8ba3564b,0.7506608288444299,0.49556577718696937,0.244977949405076,"[0.26293476976713404, 0.47494391486015264, 0.16190470255556524, 0.10021661281714804]"
case_5421f699c71a49bd7719,0.6472819665829317,0.37909139797343117,0.18770296699923905,"[0.11982302236530634, 0.23886529838869763, 0.2080258640766529, 0.43328581516934306]"
case_8fab9b60aeee2109e229,0.6751731622389324,0.4518330501878193,0.2251765853566701,"[0.1536669992526293, 0.41197169036932735, 0.2130503454673208, 0.22131096491072264]"
case_bdff39264fe8e19a4692,0.7371395724752815,0.4582313155007981,0.2134565492924145,"[0.19382718964307333, 0.2129955601767698, 0.22948998146899088, 0.363687268711166]"
case_b783cd365fc561c2907b,0.6092610068338594,0.34845024079107545,0.17196236735588669,"[0.1110802130557955, 0.11955313126967772, 0.22438780704642583, 0.5449788486281009]"
case_e7f17a138cabda8f22b5,0.7851048639764893,0.5623336339150103,0.31089995872475024,"[0.3765915196056943, 0.09781764988683596, 0.19161147224521544, 0.3339793582622543]"
case_ff6d2251a9b0db9a0a53,0.6455690956642834,0.399574125040694,0.20343472311350305,"[0.08420114497615608, 0.6749596043494388, 0.1521550876778913, 0.08868416299651381]"
case_d4da733401185f829042,0.7145526444459692,0.43224236013887873,0.2159945350578541,"[0.044840490684388605, 0.1394001360553499, 0.39177898647851056, 0.42398038678175093]"
case_a080a163f3e75943aa90,0.6448316812646909,0.3770364521649954,0.18132004679243852,"[0.14751032209773504, 0.4464797457150209, 0.19959758609353415, 0.20641234609370981]"
case_2f2f9ebf4fad1fce3744,0.8496133064299447,0.6306517166831235,0.34428533514642884,"[0.17449860260285407, 0.582533481210516, 0.162314589498812, 0.08065332668781795]"
case_aa08af1ed4d0161c05df,0.8155419544955518,0.5674719442806937,0.31615362674310016,"[0.15749341924118954, 0.22800004976391766, 0.24682610818672426, 0.3676804228081684]"
case_2b7567fc9c1bd91b4825,0.6906033823910098,0.4326807276522729,0.2207182508436022,"[0.17181799568981085, 0.11988096064426709, 0.15926520097857924, 0.5490358426873428]"
case_0ef9f5ca78e46cba3719,0.5943365313342728,0.3310209367904311,0.150069510948352,"[0.07438264531048801, 0.13160008397966755, 0.25871839630088683, 0.5352988744089576]"
case_880fd13bd8fbd098b471,0.6102314231428596,0.32715519236587765,0.13770783976909906,"[0.35042372955325046, 0.2763224833207215, 0.23158893881711126, 0.1416648483089168]"
case_49e45684622f99629e7a,0.7421997826775044,0.4797600475837174,0.23540295238586004,"[0.03120863189720315, 0.5266370076464947, 0.39037789993065003, 0.05177646052565214]"
case_b388b0add47454188527,0.6851150897029613,0.4404184083415458,0.21651186882562345,"[0.06873553848583405, 0.1610525692767999, 0.22223526976183042, 0.5479766224755356]"
case_7a9d58f4ecf47c5ec58a,0.7298495619476878,0.48163084070523077,0.24750387096025783,"[0.09958825566150672, 0.1692238617516944, 0.19353895206611563, 0.5376489305206833]"
case_6b3588f25119ce4df4f9,0.7162765614112807,0.43215759709425083,0.21017952942439116,"[0.05446787243765069, 0.2863587922096305, 0.274982101675643, 0.3841912336770757]"
case_23800b61c0fcd17d1efc,0.7039454351442624,0.45495169522277584,0.23013411063088715,"[0.21360175927880046, 0.10285663161958204, 0.14376959716930385, 0.5397720119323136]"
case_a54ad8ccf21c291f279f,0.8160052505708809,0.5490348808060722,0.2965995230993811,"[0.05129385288742662, 0.1080910117234725, 0.23712368682824084, 0.60349144856086]"
case_5552e91c8f9bfe39d4ba,0.7783335239145036,0.5117688598123687,0.2601989469679646,"[0.09935039325290192, 0.20823794112666436, 0.32567774390252036, 0.3667339217179134]"
case_18b8b69f38b9f24af33d,0.7199345777790599,0.4452250802688429,0.21712720869841862,"[0.08927463955636798, 0.1855597733375413, 0.2672632892970986, 0.4579022978089921]"
case_0972a6ea23231b474a4a,0.7063459903137695,0.44361033607306644,0.21800115923565555,"[0.1263101996561095, 0.2133965295539082, 0.1937194110366834, 0.4665738597532989]"
case_0772c81dc6625a3d99d1,0.8335426690411853,0.6049208214667303,0.3160493500553117,"[0.14673160616624542, 0.25501710740494693, 0.27248318181541903, 0.3257681046133887]"
case_f94e8616b5c16c0f9849,0.8303319979627908,0.5984082940544485,0.3274635361668658,"[0.030565291500057004, 0.15586322838167405, 0.30951267475560734, 0.5040588053626616]"
case_2c6db20eddf156204460,0.7298861113959099,0.4657674516995681,0.2349294012887335,"[0.07740875390751192, 0.37033849871827995, 0.4629528988980809, 0.08929984847612712]"
case_a92706ab69ce33f39cae,0.8299003086485299,0.584829736088766,0.3060330009671222,"[0.04212214638146627, 0.4378799645021407, 0.43844507614283496, 0.08155281297355808]"
case_69a53a31e4b53271ea93,0.6823098791829416,0.4218040846795756,0.20783220337273656,"[0.22725746306487873, 0.40972822796974456, 0.28027890211676243, 0.08273540684861429]"
case_05240b83f0f4904dfc19,0.6482884128780662,0.3947599832620609,0.20179785150966484,"[0.040526483122260565, 0.17083210022963952, 0.3042144379690566, 0.4844269786790433]"
case_ba66fb2b80c5fdec71fd,0.8265335510261349,0.5942843204029371,0.31030454810642194,"[0.054122963759886455, 0.4770334652937839, 0.37208712502961105, 0.09675644591671857]"
case_3bd1091e052f24f960d6,0.6482089488003624,0.36407530617291856,0.17728917713146594,"[0.05017243523060751, 0.2361325490080358, 0.4237650968385073, 0.28992991892284947]"
case_08d365952f7e16a426d6,0.774205538431026,0.45130974392671264,0.2080401644223869,"[0.056553630178383, 0.09010716932482539, 0.49354806343152946, 0.3597911370652621]"
case_1860e069bdd81045b981,0.7322572506112384,0.4584193724258271,0.1954794035614354,"[0.480741347801916, 0.13345998446354246, 0.09639270612645115, 0.2894059616080904]"
case_ab94f03d3f6293ea1374,0.7550017337353059,0.5027591393584707,0.2751670639055698,"[0.048036869033031324, 0.31618025689130813, 0.3816913497249189, 0.25409152435074156]"
case_89c8138bfaa5df3b2f5d,0.8440870297642682,0.622634732525969,0.3400548035738882,"[0.18454610733210683, 0.37932311900156995, 0.3280043984470687, 0.10812637521925446]"
case_ad2594c4aa9e7070cb33,0.7864584162783116,0.510127741719529,0.2599447398983842,"[0.03224153672416385, 0.3129843443863079, 0.30162931330820625, 0.353144805581322]"
case_7c72a69b9326ef43cae5,0.7692895737183373,0.49830330391445543,0.2565742553409081,"[0.1319700649319741, 0.19705154089801702, 0.1663783259676918, 0.5046000682023171]"
case_b8592130feec715f4833,0.8177436711389916,0.5586533019136086,0.2894841066044569,"[0.06132428355800889, 0.46212753677241175, 0.3796329668413053, 0.09691521282827394]"
case_20fed67fefb5fc3ebf21,0.664367417403886,0.42095687139458343,0.19739402581294588,"[0.04316310895972023, 0.1445448869866484, 0.22997886808991544, 0.5823131359637159]"
case_eef4c6f06c857574fe66,0.7387178247282721,0.5160742228927054,0.29026978265094544,"[0.19876244065379592, 0.45118618721931103, 0.1550485451902869, 0.19500282693660617]"
case_56855615fae83b25cb55,0.7226690360664142,0.4273079650855939,0.19259237818390512,"[0.12604037526990325, 0.3968274914083776, 0.38108065299084143, 0.0960514803308778]"
case_8752dc1c2e57d4b5e9fe,0.7354476919972438,0.487320038183109,0.2643914515161633,"[0.11523740423435361, 0.22742955948795446, 0.2114458826013716, 0.4458871536763204]"
case_2abf8355628bacf57151,0.5635823196306373,0.3344262632331356,0.15570853066296986,"[0.21692295435185915, 0.11754568600728538, 0.18953654598094072, 0.47599481365991464]"
case_b0f20175f04e4d0f444f,0.6507258256819669,0.4050518522364817,0.18719194975966696,"[0.1605802242229012, 0.1456826361499147, 0.142925776754925, 0.5508113628722592]"
case_989c6385062771f7efa9,0.6400473608665487,0.3657189749577469,0.1697269892899052,"[0.18900790399904308, 0.18864187783812356, 0.14452230248139913, 0.4778279156814341]"
case_a7b3372e46677f8620eb,0.6810720148081457,0.4072437548331411,0.19022080870804928,"[0.037078489088604984, 0.3174580588699539, 0.5425597189907936, 0.10290373305064757]"
case_5ff3ca949d56bbf2ece7,0.8103939788707561,0.5887459266859976,0.3210643280835464,"[0.12638478331973535, 0.2049059916282188, 0.23938920989836884, 0.4293200151536769]"
case_7a2ffa4375dc86ec3328,0.5906682001812508,0.37863941801616974,0.17951492941629615,"[0.1415686377649212, 0.2549141696853315, 0.334288079525708, 0.26922911302403935]"
case_625698cc6d9830aae364,0.5780984632005971,0.3295465286374444,0.15482393043626955,"[0.17530430048341394, 0.2845629479341155, 0.28339185674915485, 0.2567408948333157]"
case_948598b44aa0a85f7f16,0.707906699246035,0.4444629348429377,0.22032039692096297,"[0.06405250629763116, 0.4547870321020967, 0.2997188050310358, 0.1814416565692363]"
case_c9f83f4009662c50238a,0.7124320582584228,0.44865147950142675,0.21733895319102683,"[0.06181540116667746, 0.6534339368343353, 0.20962591171264644, 0.0751247502863407]"
case_4d2d216ffa3ec50c893d,0.8090146361689934,0.5725040539284407,0.3072368831003379,"[0.02024145390433616, 0.05568084511695876, 0.14280728160354209, 0.7812704193751631]"
case_36e128cca28d4bf0ad2c,0.7542464366634172,0.5404365965996889,0.29315736447935986,"[0.33591818767542203, 0.30303131648991455, 0.25258355297397234, 0.10846694286069102]"
case_3d33dcfc895d657476cb,0.8627610803674655,0.6117115469304818,0.29472381968535855,"[0.22105677649378777, 0.15761597827076912, 0.17572150230407715, 0.44560574293136596]"
case_1e6df4bc2b4649351a8b,0.7440454367957302,0.5003851653995917,0.26547245559242866,"[0.1123249086268058, 0.10414437749418105, 0.10529121184041622, 0.678239502038597]"
case_32d1eb1715353e21bb23,0.8280259383674438,0.5605032264445368,0.2637514243037308,"[0.18366490985710643, 0.2755084013301223, 0.4504839185372932, 0.09034277027547813]"
case_444bef4f8b391e1f70ae,0.6319388411380169,0.3876543384239379,0.17532191106734038,"[0.09590124151073857, 0.2697556505715685, 0.4074016377605559, 0.22694147015713703]"
case_f3ee2e8cc59d7a20671e,0.6245389479623584,0.3919704212588111,0.20099106751079177,"[0.17464616648747378, 0.21947406595788618, 0.2380269117296544, 0.36785285582498567]"
case_1e6909bc471f864ea0d4,0.6851821478694549,0.42736037758011,0.20898056181818875,"[0.11688074903067021, 0.347746470315566, 0.250650699775257, 0.2847220808785068]"
case_e2d3303e6751ad3a7d2e,0.8093034815058903,0.5567092726076504,0.29282614931180795,"[0.09959989859759581, 0.2421312058448316, 0.41205695596464625, 0.24621193959292634]"
case_65671f3ac06f6f0594a7,0.7808075396185606,0.5328999633301895,0.2876562938794222,"[0.13531183100772157, 0.2388188922581242, 0.24970439896427993, 0.3761648777698744]"
case_1f9beb5ed6a16a4b3037,0.7170484810496598,0.4441345971622291,0.2072234022280339,"[0.1307971635574229, 0.22943504946186372, 0.3822271091540436, 0.25754067782666973]"
case_63de8f48ae37ec04c59b,0.7830681234005207,0.4910689586623037,0.23746616783401261,"[0.06940271251070147, 0.16536705952120706, 0.38421808257314194, 0.38101214539494954]"
case_331eabbe47b6566ab3a5,0.7898100997476074,0.5409512774071634,0.28482820123946834,"[0.3128457916015567, 0.18968470052951916, 0.3422445641163008, 0.15522494375262333]"
case_d3d55431952d75b99536,0.7816523285160623,0.6011950428594204,0.346417052611547,"[0.13129223067009807, 0.49750332594377933, 0.29546661179661843, 0.07573783158950417]"
case_2d67f0de06daa4c13808,0.726029525545754,0.5265755727765455,0.28590416894197856,"[0.08914752028622364, 0.26584011644956346, 0.1825062882424631, 0.4625060750217497]"
case_cdca37e9c48022aa8884,0.7816276026732911,0.5319686307749651,0.2885516880349306,"[0.04752312302439331, 0.08650983409338184, 0.26168948225340183, 0.604277560628823]"
case_5356e9edb2333cbfdbc2,0.6395606377547494,0.4000053913663594,0.2303158206205156,"[0.27314526181391663, 0.40285079539246976, 0.21008584530664362, 0.11391809748696997]"
case_cf8a8aba482224f0760d,0.8251859936117976,0.6061402128155514,0.32581168759207985,"[0.1835277996623893, 0.5020579737093785, 0.21225043366161114, 0.10216379296662093]"
case_c9b41836a42374f52e49,0.7719221772234275,0.5110207248217142,0.26699647290320994,"[0.054808910221881633, 0.21291325691741098, 0.3536774148940078, 0.3786004179666996]"
case_45b7d7aadd03c509da90,0.6370244162656964,0.3522761303661499,0.1504887755302634,"[0.17075874594572946, 0.28556119246598505, 0.2556887163016583, 0.2879913452866273]"
case_6398a1188edce03081af,0.7903548693166275,0.5601876488140427,0.29005215183655625,"[0.075987117021892, 0.2620004970431476, 0.5640373219262755, 0.09797506400868489]"
case_6c558afffcb23de0726e,0.7659857242899315,0.50161667354655,0.255645965018914,"[0.33553228276333474, 0.23808276965519465, 0.3070940994370687, 0.11929084814440194]"
case_ae193916a3b5bd71ab0b,0.8561726922880524,0.6474229270149611,0.36081102895258005,"[0.13832055571197635, 0.5218057852714392, 0.2715999950230122, 0.06827366399357222]"
case_6acd26a2ff42e2e4f908,0.6819658905518304,0.36376883036197305,0.1625912325689687,"[0.09570566032195992, 0.1982824784670847, 0.41170057286291806, 0.29431128834803744]"
case_c686d91b3df227a3bfb9,0.8301411734787041,0.5845868060124468,0.3117486834956379,"[0.06256391708667669, 0.0704779691568244, 0.25942573853478873, 0.6075323752217102]"
case_f16119035afd389229c0,0.8210558305522735,0.5985459530994417,0.3116191275520841,"[0.10847090764571593, 0.18009371134624824, 0.42365570601276203, 0.2877796749952739]"
case_03fbd2cded49a57f48ba,0.7580165193584628,0.5073653298909856,0.26427220101658716,"[0.10932042433422742, 0.17335274491704594, 0.2743019338335068, 0.44302489691521996]"
case_d706b6c27c83e24e4bd9,0.711755765642317,0.449210137701263,0.23034724356457068,"[0.04355006483409394, 0.24749804424685576, 0.41021720056446814, 0.29873469035458206]"
case_b077884b5d013e288dcb,0.8172975949652102,0.5773053082340294,0.35655403536692587,"[0.16008238130697394, 0.20368266428538562, 0.2386426714840769, 0.39759228292356347]"
case_dc66b0abca91cc357a2c,0.6375470085108049,0.4232529317468033,0.20760385535495457,"[0.10405583463911401, 0.22810362892456623, 0.14810078900165913, 0.5197397474346606]"
case_a0f0b1d481247ebb5253,0.7051006930059904,0.4511862338285706,0.22900072633143603,"[0.1999512109152426, 0.4932281276963791, 0.23738586546666102, 0.06943479592171721]"
case_78236dc4e71280cda005,0.85976670175309,0.6094416747289888,0.2895387235025806,"[0.16884691688131032, 0.6035194930067115, 0.15642487541590017, 0.071208714696078]"
case_4810c54a94c38ccc4f2d,0.7568580268009408,0.4873087383049579,0.24438809603194928,"[0.16297692663114802, 0.17713069301013903, 0.19930035115539405, 0.4605920292033191]"
case_594f64bdf4c1a3641b69,0.8120704554615326,0.548622221837412,0.2779329891609982,"[0.04772650308484191, 0.09971040722166118, 0.395274284958965, 0.45728880473453193]"
case_5127615c5ccfa87a59b8,0.791985118230689,0.5365174510968751,0.26298953557949295,"[0.19419813619132367, 0.11177744833892461, 0.1763748658031193, 0.5176495496666323]"
case_c4e11742445a08491502,0.6497235580246045,0.3707398903966051,0.18034204487465108,"[0.0592712487334665, 0.12714148218079296, 0.3379743163438565, 0.47561295274188403]"
case_a90e3d05c4b95f926e88,0.8793763716066795,0.6897646172704842,0.3892912424298413,"[0.12611198474261726, 0.3660673816620961, 0.3917729879628246, 0.11604764563246199]"
case_b944343fc9e2052b426c,0.6079495823772756,0.36981170851224365,0.17517568959911073,"[0.12162040377387584, 0.1373896023812425, 0.13691736073904048, 0.6040726331058411]"
case_54970a33752f73ba9a6a,0.595528205203818,0.32375629734532285,0.1553742900798116,"[0.283166561321415, 0.1822406156597284, 0.2873243936854456, 0.24726842933341095]"
case_5be26c221c36c5e0adb9,0.6366238483084302,0.37179270188040064,0.17232048960713178,"[0.062409831116360635, 0.4645171480025182, 0.3734183521682052, 0.099654668712916]"
case_434bd13172b839b8cc28,0.7497558167270606,0.49324760217421487,0.25542238130141515,"[0.1446393515701178, 0.17779379506934517, 0.22359438044299568, 0.4539724729175414]"
case_20e6a6243fcd299f2b67,0.8637432905176101,0.6515081698415794,0.369653742851116,"[0.09784699745636655, 0.10612246386250668, 0.27129968980602936, 0.5247308488750972]"
case_7fe1bb1476f90e4064a6,0.8044856822920987,0.5463825319004721,0.2781039592795093,"[0.07811359144972438, 0.2522381352410788, 0.47512988766742426, 0.19451838564177268]"
case_bc3a697651b742d525ce,0.7711717221007635,0.49126425791914896,0.2517008014136556,"[0.03920372606955285, 0.3192958170319833, 0.3157167906446668, 0.32578366625379707]"
case_93bb6fe7521f1b3be376,0.8050403709939229,0.6005259823841403,0.3066556970094259,"[0.18811423685584736, 0.19779175578889774, 0.17394975326642323, 0.44014425408883173]"
