case_id,risk_1,risk_2,risk_4,repair_profile
case_b5e5a807f835b08e5618,0.7656351047260368,0.4893394375947864,0.24068907753594612,"[0.10702227091744998, 0.14569461304556106, 0.3087818859262887, 0.43850123011070036]"
case_94a15d835ba9a04d7a80,0.6288311968384654,0.40209136594689443,0.21947022087919388,"[0.02528602877393062, 0.08715042310386058, 0.45211756330764846, 0.4354459848145603]"
case_67593c266cb99b81ec20,0.838202803770967,0.594880361896151,0.31954333393441825,"[0.14116230883888803, 0.6234880914149274, 0.1808176989016939, 0.054531900844490645]"
case_73e55cc14ee35a5484d8,0.5914649279964215,0.33258025003596314,0.1430643453062959,"[0.45895863914707286, 0.15936025847514665, 0.2003115480168031, 0.18136955436097746]"
case_0a7e9699e2d60129ca29,0.6965052894738736,0.46765212283056,0.21968119710056433,"[0.09728243485146157, 0.16256174339939744, 0.27279620369652036, 0.4673596180526207]"
case_d073307e40b123db689e,0.7247484802307427,0.43141619588373226,0.20588881699772077,"[0.08435032618430188, 0.15149966363981954, 0.21627701939657548, 0.5478729907793032]"
case_323580c5e672e3019d61,0.7161640778075711,0.48044851222984114,0.24563368308452588,"[0.23997388770238048, 0.39449767929010027, 0.29706644384795233, 0.06846198915956689]"
case_95f2e7fa4e1a13617634,0.7560650301509175,0.5191549476903611,0.2599978648034297,"[0.07028400607978787, 0.21059393385886555, 0.2663176245241924, 0.45280443553715405]"
case_349e90f01d2dc2d756fe,0.8046064067307501,0.5788668949948124,0.2875941750430654,"[0.1692340577641858, 0.36344589496354474, 0.4130479362050549, 0.05427211106721471]"
case_4f35229dad45457fdfbb,0.7159952974017965,0.47164145861163226,0.22666692593178056,"[0.07631626112812218, 0.10524520460942495, 0.2217575052189393, 0.5966810290435136]"
case_d4af9dcbfeeea6ebb567,0.748331793403748,0.48622794558292104,0.2408351661392395,"[0.10912802603305446, 0.4040592815543772, 0.41675199661626405, 0.0700606957963042]"
case_78d2b87104e4197ba804,0.8156854794453707,0.6005859560188096,0.33039197780243956,"[0.04890370529569963, 0.09100749287263175, 0.3405536041201671, 0.5195351977115015]"
case_5b5d5aa25073438cba4d,0.6476851755688572,0.3869518962909684,0.1971467552941915,"[0.1419081631043077, 0.18420329422011097, 0.2186073489314237, 0.4552811937441577]"
case_a9dbda11cddc3d47430c,0.5989341317483696,0.36009524328996556,0.1638551379403521,"[0.07253459383574627, 0.5071366991052306, 0.2635660596788622, 0.15676264738016082]"
case_6098c58f3cc2dde603b4,0.7124553593600061,0.4245245325057736,0.18009929513962963,"[0.10143118326507217, 0.1217452334320912, 0.1798503046734872, 0.5969732786293496]"
case_a05b49700695c8bb6450,0.75220984703077,0.4792336272999126,0.237420619503898,"[0.04578697653906867, 0.1760266063020283, 0.47906836885234005, 0.299118048306563]"
case_f1f3c94be9416a794e9e,0.598093555419045,0.3917885907556236,0.23114300582229022,"[0.037371295379456354, 0.07700712272031665, 0.2239653578597573, 0.6616562240404696]"
case_d792116b8cff1188da0f,0.8456002149961304,0.5768087205404003,0.2680194893936883,"[0.10040592313431308, 0.13919521725398423, 0.35537696238737854, 0.40502189722432425]"
case_3f719fdaec1769c94033,0.6625565884694706,0.40636022071366146,0.2149778885745623,"[0.22225080885703774, 0.3960046208548639, 0.32852945372279485, 0.05321511656530344]"
case_f907b7bf46bc826e3ba2,0.7371598741396479,0.43137956733395966,0.18010808295042874,"[0.04423867828699428, 0.441901894126673, 0.45780363819617215, 0.056055789390160586]"
case_4442a15e121f877a8d18,0.7970531555897934,0.5623825892989736,0.2877782567866993,"[0.33112731233035814, 0.2617965135619209, 0.3497931468384001, 0.05728302726932069]"
case_32e613a28741925afcc4,0.8348838475270103,0.5885384200770215,0.28246256131919173,"[0.15367544862238053, 0.312651190755673, 0.28695901025471365, 0.2467143503672328]"
case_a64a4894d542b22007c3,0.67945338560649,0.4911965619005209,0.27045164072598815,"[0.02994011687728273, 0.49085105798811574, 0.44339714658671686, 0.035811678547884605]"
case_00bd68b0622f8b2215ea,0.7614006365594387,0.47905997443518483,0.2386002366369069,"[0.20612072882049734, 0.5027481807436558, 0.2235472403462938, 0.0675838500895532]"
case_47a1ae76962f951f8307,0.7906812237279677,0.5531239109684359,0.2864061406195719,"[0.2178720840473566, 0.21066452405851688, 0.21249576251336116, 0.3589676293807653]"
case_84d1a297671280253ba5,0.7995410894851666,0.5495723306224194,0.2775388945723265,"[0.11623463456422876, 0.22117579622014155, 0.34929075485962957, 0.31329881435600015]"
case_fac8f82f2045ef5607ae,0.7888665100107508,0.504830280952046,0.21386694312367727,"[0.15324592894804334, 0.16711658571395446, 0.2266581302217271, 0.452979355116275]"
case_3b28442d6755493e5459,0.8068299508259906,0.5303279917581487,0.2660136265573986,"[0.07317974647126681, 0.42520054966587434, 0.4685062177436755, 0.03311348611918343]"
case_3171e941071d745c6a40,0.6745323616968255,0.4491365757265249,0.23591977487200483,"[0.15916825593757247, 0.4878027763793452, 0.2716105390845159, 0.08141842859856642]"
case_4051f4c1dde024955fe8,0.7610565493268329,0.4804976567379863,0.2321118235334329,"[0.09674692818827554, 0.11659916693020406, 0.19351849793054038, 0.5931354069509801]"
case_6c2b99a4055be3ad845d,0.6575114720651996,0.4433460400586916,0.22315766784481716,"[0.1833816026662271, 0.39055620801119634, 0.18955609270600754, 0.23650609661656907]"
case_ea8a704e17b22086e039,0.7028240806011118,0.40862693549385337,0.2071871872429673,"[0.2322259699634919, 0.3186469777828363, 0.31901558779630307, 0.13011146445736896]"
case_361c86101d98b7658d79,0.794044591164913,0.5470463978776479,0.2808496819289159,"[0.24892784652963967, 0.2989456365296371, 0.32711389317341427, 0.12501262376730884]"
case_d5cec420e82227fc9744,0.7906371721301374,0.5660402061281011,0.2702024515592609,"[0.15077972679185336, 0.09191318488606959, 0.2468298329001042, 0.5104772554219729]"
case_abd7a16c9151cd544fc5,0.6987381500128909,0.47623781617069494,0.23840023788699238,"[0.3136256295284272, 0.3469317862066919, 0.26332785751255317, 0.0761147267523277]"
case_613a2d605e2a50babc1e,0.8311423513134555,0.5974612709003035,0.31656919980808507,"[0.23138952357933518, 0.3369129369106131, 0.31956920784383336, 0.1121283316662184]"
case_6aeceda4e1e3d64b77ee,0.7728417891731179,0.5276896879768004,0.2628477947127087,"[0.03633333610598406, 0.0761380926021183, 0.22042181663645039, 0.6671067546554472]"
case_2c712127fd90622f4156,0.7890819168558525,0.4698251364979778,0.2460537776539572,"[0.023678152758014083, 0.22330634120545917, 0.43897926428651846, 0.31403624175000827]"
case_0fca949aae7d11583edf,0.7139615380236883,0.4605006882323286,0.22762639577437893,"[0.22378408419120688, 0.25008508687598396, 0.1982884992390697, 0.32784232969373944]"
case_391bbd8f0f1f577d3abc,0.8247957042832359,0.6053647838306913,0.3010022083805678,"[0.14457495564436526, 0.44909271765162323, 0.34532669811941696, 0.061005628584594636]"
case_52bccde3999ac1c2b1a4,0.7213740781909272,0.46706782128271196,0.23406692356025038,"[0.0672588201157748, 0.12486775979741405, 0.3133108731685639, 0.4945625469182473]"
case_064de3632eeb9fac7e8c,0.6873763324635581,0.41136434835219426,0.17822123933383,"[0.05943809368483842, 0.13748738851105016, 0.20394431272721855, 0.5991302050768929]"
case_f995b520920ebcb072c7,0.8322061173650999,0.5935970128427738,0.29827080271226936,"[0.05350520419872043, 0.2746280694185424, 0.5415396919616904, 0.13032703442104676]"
case_a8e4c2ac6cd57cb6fdb5,0.656110273494078,0.39974926380027453,0.2059293665375965,"[0.28269691133431546, 0.051987433264933776, 0.15935376178675925, 0.5059618936139915]"
case_e83141c1300b2492bc5f,0.7488407480508443,0.5490034132373851,0.2917750708404937,"[0.46139579208324366, 0.23326908407636635, 0.1937158000484114, 0.11161932379197866]"
case_ac2f2841a250abf52ee3,0.8021192238995275,0.5328185592383345,0.24596093547120407,"[0.07114523826891941, 0.5152460782205456, 0.32047912656784927, 0.09312955694268588]"
case_dd3f3465ff23ce76ec97,0.7521360072643912,0.5196761695001467,0.2453111939149142,"[0.20324170387544527, 0.28362016098081905, 0.22010968406886175, 0.2930284510748739]"
case_681efb801570a479c4e4,0.6194191831935139,0.3824390739045464,0.20667975869183036,"[0.23023756191488448, 0.15563509100131825, 0.11207544970624819, 0.5020518973775491]"
case_04297bdf0916e75fc4b5,0.7168915804525784,0.43005421479230005,0.22128059101600678,"[0.04787936794448384, 0.4221268131377981, 0.28011955382737713, 0.24987426509034102]"
case_8c914a7bafdf73e6f2cb,0.7404578109322311,0.47073886184872316,0.224059108833783,"[0.011111548470539773, 0.13618086265755738, 0.6649298661715073, 0.18777772270039556]"
case_7c1b404155e1db3680c6,0.8001117401583036,0.5748238769040059,0.3207210693373123,"[0.30275846069914414, 0.39386584767899147, 0.24493658177649108, 0.058439109845373385]"
case_b0ea16b81b14f657e51e,0.6288381158385379,0.42755802061504394,0.23048168726895843,"[0.05867649410330847, 0.4134557035644361, 0.34923967610659795, 0.17862812622565732]"
case_3e66169801c1aab633d5,0.8207405948196654,0.5886823878265642,0.2734009243635762,"[0.061492631583666066, 0.14519411063135096, 0.30101106056713034, 0.49230219721785257]"
case_8e6528665166d6d3a600,0.7884811054895688,0.49859212571771205,0.20429756315771475,"[0.08453818679982968, 0.09309099389386921, 0.18549216833087845, 0.6368786509754227]"
case_ef343b5afc916536ed35,0.7482717113787294,0.4986023356053092,0.26442542621203646,"[0.0646992555473764, 0.0901675455302038, 0.23298285949821984, 0.6121503394242]"
case_e46e6c0a6e73187bb39d,0.8234503398625238,0.5782611352411272,0.2654120843960638,"[0.3011616865216848, 0.2745509309296344, 0.2185561399382283, 0.2057312426104524]"
case_3955be0d8e2154368778,0.7220108118472747,0.45396002632094035,0.22284017260306377,"[0.10142963681905379, 0.10275309342403492, 0.18078316790212692, 0.6150341018547844]"
case_acf6b288e7696715c2da,0.7618189714124988,0.49060847895249615,0.24444545700783854,"[0.054623582916979094, 0.1528255152965315, 0.2531749900701607, 0.5393759117163287]"
case_5c060a5b51294229b854,0.6841118961991977,0.451983784521123,0.21752638871239874,"[0.1301074462124959, 0.25379955516457997, 0.22392615950180927, 0.3921668391211148]"
case_d9cabac9cb2fee7d74fa,0.7947213316388493,0.5494711832317056,0.2641199380621373,"[0.121614515143705, 0.31055207704778554, 0.5056362971943433, 0.06219711061416621]"
case_a9d161489f5efa29d2c9,0.6472958269565003,0.4007244852503589,0.19511016189045166,"[0.17395706291106683, 0.15058601770336386, 0.19681594777067632, 0.478640971614893]"
case_4bc9b2e96f8c79790a10,0.797323459501001,0.5027497561155343,0.2275158913544652,"[0.03762397631364012, 0.3502929690673531, 0.5466050733942494, 0.06547798122475748]"
case_f38581f3db75e3719eff,0.706225270663915,0.4470134222803609,0.20972005840964653,"[0.07498163757930126, 0.30799817120540596, 0.3368351702107722, 0.28018502100452064]"
case_483bd666b1d4910b3481,0.7176242365608705,0.46790425055745233,0.2454515694409821,"[0.08706067502498627, 0.136106476187706, 0.16271968682607016, 0.6141131619612376]"
case_a47430099d07293602e0,0.6894777337644633,0.4571366112511435,0.22143453121829254,"[0.12542430870445723, 0.3716431377909737, 0.3893845200011359, 0.11354803350343323]"
case_bb03f187187e6631a9b6,0.6353763686247123,0.37267720658458825,0.17607641305093258,"[0.19432202602973464, 0.29173914280706503, 0.27554025511015307, 0.23839857605304726]"
case_764cb0a3b85a09445a1b,0.7446946958321808,0.4890389495899661,0.2454573699545172,"[0.023646612160776036, 0.06560729317877366, 0.5946038376776596, 0.31614225698279075]"
case_7b4710f1b9d241a08820,0.7022942591287009,0.43034228561366383,0.21031321384136137,"[0.07479597283451249, 0.3214932890788712, 0.270587499951028, 0.3331232381355883]"
case_ac51c125f57a18825e78,0.751776036854731,0.48374570927967064,0.2658642331952047,"[0.19286127950809517, 0.13871609109529648, 0.3104121069269653, 0.358010522469643]"
case_7a746770d65c9df5a696,0.7964109473635691,0.5410751011800866,0.23651807389060348,"[0.12417571866686859, 0.21795678851958902, 0.21482575649843375, 0.44304173631510874]"
case_9b5dd33776f8d347ddaf,0.741863270736078,0.47998891574434477,0.24276651838868224,"[0.07235749429192304, 0.173048912003692, 0.5591934634830725, 0.1954001302213124]"
case_4df873d71e3b0099622d,0.8220063365334832,0.5877941104050977,0.3104539078118735,"[0.17578154362855059, 0.3127446228991259, 0.3676339551146768, 0.14383987835764672]"
case_301d3d427312275aa63b,0.6650594062082087,0.3858596619709009,0.18701810423584636,"[0.0920328484019196, 0.2901188350310758, 0.5491013568772236, 0.06874695968978098]"
case_a33ce25d5ea36cc41b7d,0.8262332580000606,0.6066263986460662,0.3481827272649592,"[0.12387596994956103, 0.39274035671436336, 0.4312686001997333, 0.05211507313634228]"
case_8bfe5b7fc008eb180600,0.7226171076582242,0.529875227594112,0.25308376078727707,"[0.7879309712941271, 0.11538707799256155, 0.04672401992025986, 0.04995793079305141]"
case_719616a7262994030e27,0.7400796615221823,0.48395881397686047,0.23178831132883165,"[0.016252963412538356, 0.08048321390905373, 0.5624568434434293, 0.34080697923497866]"
case_f09f4a3d2e90541383dd,0.6915863228518631,0.42695343556513676,0.2102923701278851,"[0.0974394797770079, 0.421211161637528, 0.2957648097627324, 0.18558454882273176]"
case_d19e3c4f4e7025034227,0.6774149802715996,0.3977404237390695,0.2054358357881807,"[0.18710548663021978, 0.2548646014787828, 0.27713454113819375, 0.2808953707528036]"
case_cc68bdad7767fbda5c0d,0.6908530450281039,0.427661025260373,0.21160786148674654,"[0.02915615767989681, 0.09435514758931125, 0.27431826142960913, 0.6021704333011828]"
case_30c523c856d425aa73c9,0.6439666435225282,0.4007750082087013,0.20120167037238726,"[0.1292586636616919, 0.29688023729244634, 0.48153620479965004, 0.0923248942462117]"
case_239ceab9c35090d27270,0.5678335419244047,0.356064654807399,0.17310836262942883,"[0.11572729863971541, 0.1754936772843958, 0.19502471175112282, 0.5137543123247659]"
case_f854d3b5f52ec303ca34,0.5421920103792612,0.35189991426359707,0.16101956672392495,"[0.36415678442167476, 0.19635746437505588, 0.2739802090679062, 0.16550554213536312]"
case_44239306b41ba2d4dd04,0.7685626248006973,0.48066551702052496,0.22980387522636025,"[0.040187401572281484, 0.11112956171504668, 0.21025876138899857, 0.6384242753236732]"
case_c18b8b33f609eb46ff8e,0.6972771854517175,0.4889139449235753,0.26477282095643395,"[0.09776034021278013, 0.14516252685858233, 0.2972032011970679, 0.45987393173156976]"
case_2696378885d6d84bc17d,0.8484359931868151,0.6203869981872147,0.33292543751288906,"[0.16327396035194397, 0.5977565944194794, 0.19100590546925864, 0.04796353975931803]"
case_34bc7d5dbb48aed2b336,0.8381898196274635,0.6092076167809137,0.32936619217169183,"[0.1691971786336477, 0.5606961872836559, 0.22579779624179744, 0.044308837840898986]"
case_8b98bb2a160734957b63,0.6866162183892512,0.42681893144779,0.20323011160020377,"[0.03079429090321441, 0.2774751901289995, 0.2934564378413646, 0.39827408112642143]"
case_025e6534fce3a31f2c78,0.6983587529551373,0.43951881002815374,0.22043655541961515,"[0.1386821943985477, 0.26109972164307965, 0.4025162468416399, 0.19770183711673278]"
case_8a3c4f4054db58cfb9a0,0.7140758307523709,0.4505340471883062,0.22025945240356376,"[0.6141713414135411, 0.1521940765826423, 0.09322486552657847, 0.14040971647723804]"
case_70a3d198681eca422894,0.8450126587142792,0.6403060399706131,0.32254830145598434,"[0.1406740249570588, 0.513379960880552, 0.2908528998032131, 0.055093114359176056]"
case_31b4f3e1d9b5f6bfe077,0.8001058243729198,0.5376806202785458,0.2656155710875478,"[0.2226034176608266, 0.6054328442159578, 0.13340190930567095, 0.03856182881754466]"
case_2291299da96248d209af,0.6490537543473636,0.36311818159168296,0.1542561970565297,"[0.10838591744179882, 0.10420112244637772, 0.2343173912173056, 0.5530955688945178]"
case_0aa7d669aa478fdee42d,0.8541609718134083,0.6831942766028725,0.42006383066791647,"[0.4433383069601571, 0.19514106310974094, 0.2487061706617781, 0.11281445926832388]"
case_6cf8cf41bf55810af3c2,0.7953967194622262,0.53978909836028,0.2939739654547846,"[0.15181143597433977, 0.2425952446911899, 0.3640427354680974, 0.2415505838663729]"
case_b4c62b42908b3221915a,0.5968805234541945,0.45930295875848576,0.2542780047603894,"[0.08397955777288361, 0.09557699967271091, 0.24789916728140582, 0.5725442752729997]"
case_58ef3f10cbacbb143e6a,0.6983577989795335,0.4514124642024236,0.22948535870810022,"[0.07187682670194244, 0.2135496664075448, 0.3035548617285069, 0.4110186451620059]"
case_f27453ef2b11a0479075,0.5589501027396875,0.3615149520681331,0.1877204868344975,"[0.07580246749912763, 0.12595744304940218, 0.30787146473186283, 0.4903686247196073]"
case_d5c94925523020086326,0.6803920407597479,0.44455385210631615,0.23309245793262628,"[0.13460898800519072, 0.2290095159116243, 0.23910449661129204, 0.3972769994718929]"
case_b9da7db7a66e439320c8,0.8070780403351683,0.5652339394801539,0.27987094616432007,"[0.09089278497511577, 0.29760924383780873, 0.4798259739115641, 0.1316719972755115]"
case_edfe8787ee006600f1ee,0.7866060728660561,0.5372819772557881,0.25353637651753264,"[0.09815246237010337, 0.22585116110557266, 0.2391606549317719, 0.43683572159255196]"
case_9de300cabfafdd31d5df,0.8152056852746112,0.5562449397018844,0.2952050137531801,"[0.15272193826529115, 0.1300440183513853, 0.28989826056243506, 0.4273357828208885]"
case_5f1cdec221dc7f03058a,0.7017497616777566,0.42711242184697507,0.20349549043900378,"[0.048307632531015, 0.5341515191800874, 0.34804725960312116, 0.06949358868577643]"
case_e64f0dd4c1d9cab22d52,0.6993859865278551,0.4360441383517959,0.22141642906503523,"[0.1381440893302133, 0.28542330915267555, 0.24734005014783225, 0.32909255136927884]"
case_0e45b2d6c54fd782b70d,0.7237541435079067,0.4608712118431763,0.24055599285313237,"[0.16107706991429274, 0.3174314828481134, 0.2769764720975037, 0.24451497514009027]"
case_8c292d43cbc5f067b46e,0.6462621895569316,0.3434944478507634,0.17879080803172825,"[0.11704307562027223, 0.5897582850901626, 0.2342620197085138, 0.058936619581051265]"
case_8cdb9249c8f437007802,0.6436204374520165,0.3604355081379187,0.14276229875636606,"[0.21644031248945894, 0.11962244492095155, 0.1142734795813046, 0.5496637630082848]"
case_39ebb78abab9c1ca071c,0.6372440564553635,0.3805916570862551,0.16978824354889016,"[0.08367772750587062, 0.1656554312818915, 0.33255145371338324, 0.41811538749885474]"
case_808df6441ccb84b489e9,0.8346364354810641,0.592544617907137,0.29520765480060396,"[0.2133583939722184, 0.3965679260239051, 0.24800053685900214, 0.14207314314487432]"
case_a43e0fb0d8fc11f9c661,0.7827819484223242,0.5560447763174498,0.2913423738146117,"[0.23228355848140417, 0.34541396439787075, 0.2817566105558862, 0.14054586656483872]"
case_1dc215e75c292310ee78,0.8097856005565751,0.5846323836176514,0.32536229511389997,"[0.16909807820900655, 0.47634605342211656, 0.3038161843389402, 0.05073968402993665]"
case_021d3c319acb3d38d5a9,0.6806664271700182,0.4203390320249727,0.2132909081796504,"[0.04460931158032867, 0.19037484957200296, 0.46721486837851, 0.29780097046915843]"
case_9de720e2b0492b369880,0.6536538866274646,0.36929601858597616,0.15031033879314995,"[0.20886706519988246, 0.43529742395179893, 0.26298022034744645, 0.09285529050087224]"
case_a1cc820931786834ccc1,0.8109038377309568,0.5857440394051219,0.31751394734454996,"[0.16413813264034788, 0.41901635229506023, 0.32121806684332516, 0.09562744822126679]"
case_f9ed79c787faadeec4e6,0.7974642761456583,0.5551256836233206,0.27462097078449654,"[0.19700871227133002, 0.4114363146958958, 0.2989882698264756, 0.09256670320629856]"
case_5905fe20765f4e0342c0,0.7604059196404416,0.5268334070207632,0.271839666857267,"[0.18959712875085918, 0.14272998876420154, 0.2822924724392032, 0.3853804100457361]"
case_8137cec2c77c5a037fe8,0.6757997182644344,0.428521774022638,0.1997556892740343,"[0.19986808001864037, 0.2395345145417702, 0.18189456246191824, 0.37870284297767126]"
case_a4638bb7a263114fecfa,0.8259053472738633,0.5875969915767831,0.31384745335517356,"[0.11541310057956754, 0.2968060876750147, 0.5075700249745709, 0.08021078677084675]"
case_208e4e853f6c9c6b2596,0.6260211629704253,0.37117765245941153,0.1673443187171167,"[0.07413569796485366, 0.48767017869779417, 0.16966572345171313, 0.2685283998856391]"
case_7c1f2cfdd0edfa5c167d,0.8281119396217689,0.5963921224268598,0.3140954896491781,"[0.06839814839984096, 0.21840487903703948, 0.40130518848616314, 0.31189178407695656]"
case_757a258bd220b6be17e5,0.6263599914495466,0.35764265678050533,0.15959483628110357,"[0.1077106204165217, 0.33606362376428733, 0.31767747885661574, 0.2385482769625754]"
case_b252c4cd4c60c46b89f6,0.8398428391352423,0.6154444985765244,0.33159916913170867,"[0.044177777252318695, 0.22653333495946398, 0.6196133268765527, 0.10967556091166479]"
case_d133f1f81a20431d2837,0.7844139250284169,0.5315763961153404,0.2712893877265431,"[0.03738154084465824, 0.31356454275462325, 0.5865990696353252, 0.06245484676539334]"
case_b85869d2d77a0a9b7399,0.8770357282690444,0.6476084226383938,0.32481743675681884,"[0.07865593543322912, 0.34646472162770864, 0.5207439535819294, 0.05413538935713276]"
case_746051e2f3c31d868ea8,0.7169199163328273,0.5344088602092113,0.2882476516290115,"[0.037734304900369525, 0.2390175871703527, 0.4144216512885309, 0.30882645664074676]"
case_2eaad21d234ec7b2c7fc,0.6885526424042367,0.40080786817359104,0.18181442616223065,"[0.13805723883480875, 0.4451056343275057, 0.33076623754635504, 0.08607088929133061]"
case_5beec62dd191a09de5e1,0.6734470759144398,0.3842709208427075,0.1869253757917654,"[0.14934392521778742, 0.09445105741421382, 0.2478089580933253, 0.5083960592746735]"
case_da273b44dda88528c58c,0.7752585611622633,0.5148174885695034,0.24988889219511334,"[0.058251752870760835, 0.3240082529782429, 0.2254652010851582, 0.3922747930658381]"
case_40e848afd9308c9468bc,0.8321390301586667,0.5701560095467102,0.27120310473039544,"[0.08624044996240778, 0.3019423272050674, 0.5170647988839676, 0.09475242394855717]"
case_a1bedeb3225a87cbdac9,0.6585561176159662,0.37337636224271764,0.17342641066511022,"[0.06537913873518053, 0.15587742631426563, 0.6973807845882637, 0.08136265036229]"
case_2ffe9806985bf59f85a7,0.7519084137908272,0.4999912716984646,0.253840327929867,"[0.10934842303219396, 0.3495503590472949, 0.5113915170075329, 0.029709700912978056]"
case_648d5a5b8c26b91414a6,0.7607918079793865,0.46226259762157607,0.21118747202975435,"[0.08837176715276115, 0.19984715978124243, 0.16178343884267243, 0.5499976342233239]"
case_058b29af700a43992fa6,0.7637253332284651,0.490988378036839,0.2375787080609017,"[0.3011339967787463, 0.43957509913767673, 0.2108236216750827, 0.048467282408494225]"
case_59535334acc68d710ce9,0.6240361128074634,0.3917686817087677,0.212139755833468,"[0.036799522833036245, 0.0917120376543596, 0.5094561305409353, 0.3620323089716688]"
case_7c13a4aeb7fa7e61bd3e,0.5579254154944829,0.3496228316575629,0.17628168338015793,"[0.11403966660202378, 0.1280261991414875, 0.22112371968419053, 0.5368104145722982]"
case_ec4455f40b741f06de06,0.6613489911126167,0.41590211910567626,0.21559268171260984,"[0.12716277417401872, 0.31406632242350485, 0.5053355087340689, 0.05343539466840754]"
case_f8e7b124827b7e456e42,0.7337633012019434,0.48749922959779207,0.2693651025159647,"[0.03463526411420108, 0.155475228140629, 0.47312644891167965, 0.3367630588334903]"
case_f47f85dbe6db451cf9e7,0.6179727020701742,0.390031777403023,0.1824859361057678,"[0.37736489750310676, 0.1729704506493653, 0.14958879003513645, 0.30007586181239154]"
case_37d886274d4e40f8fac0,0.6967702913050443,0.5211293179292192,0.3260877182992791,"[0.13439523120926378, 0.5230913190121397, 0.2830039124773902, 0.059509537301206464]"
case_88b2737aba2408c30453,0.7755060596408827,0.47499367094976264,0.2327012126925953,"[0.06044012989044319, 0.46413102213671825, 0.4279089215190105, 0.04751992645382808]"
case_fb350291f0d22590fa0a,0.6328322159884427,0.3775740331511874,0.16906452786443263,"[0.07920267645620317, 0.14429301184743284, 0.33037128917046094, 0.4461330225259031]"
case_6676bab1c926f4814f7c,0.788616504043573,0.5217041112554773,0.25435775536240185,"[0.052153670322619944, 0.44692646419309856, 0.4057614383618662, 0.09515842712241529]"
case_af1e16ae61c224f10ef2,0.6712116022469774,0.3893512326613202,0.19020680077222446,"[0.03970158875692613, 0.11243320736260348, 0.39241388507700986, 0.45545131880346057]"
case_d82c9577ca4b9d9c09e7,0.8263793468300187,0.5793194299716813,0.2928731359403115,"[0.04645353825896253, 0.06484966371430033, 0.39663944231442594, 0.49205735571231113]"
case_1d527760ae315df1910c,0.77993248108685,0.45552594075802366,0.19703625617343556,"[0.1262507930164812, 0.17430929454561908, 0.22546112550901948, 0.47397878692888035]"
case_7fc5eb6bb43e68655ba3,0.7621579729872741,0.5025467004436761,0.2611843858632092,"[0.19592649791711073, 0.11913327009346812, 0.23730986081252634, 0.44763037117689475]"
case_f3a1ae16bb1feb23911b,0.845972423143051,0.6233200410944817,0.33974383167324074,"[0.19668444598276302, 0.30476263742597276, 0.381896972406821, 0.11665594418444311]"
case_39e72cbb4b3a81227685,0.72645868155516,0.46784394028763937,0.22457584586575235,"[0.09534076518661119, 0.11493173689773221, 0.2596155897212752, 0.5301119081943814]"
case_553f03f19994d5ee1cd4,0.5749937869886403,0.3657780706106721,0.18354174815989382,"[0.4616948908735801, 0.24152440072620315, 0.10322493417287802, 0.1935557742273388]"
case_4ad8b069ab022dad8aa6,0.7990659604037877,0.5466297857216231,0.29447413397638994,"[0.2135385173605051, 0.12421529521032586, 0.19394672847171762, 0.4682994589574514]"
case_d16b8caf9885d9bad0a2,0.7948474243185473,0.523532617303292,0.26171316045017046,"[0.08157205629687131, 0.4949542885201957, 0.3160240567878, 0.10744959839513298]"
case_617a21bb8687a2bd8c17,0.6866803935867803,0.4383328833719821,0.20628232129431806,"[0.08737471841957403, 0.12838437485426352, 0.23862585498706845, 0.545615051739094]"
case_1bcd51c7adb14c69e940,0.8055370589073891,0.5148834066579506,0.25393990036231634,"[0.17084269068325939, 0.16767235433404357, 0.200385887431818, 0.4610990675508791]"
case_f23d68ff2c994fea214c,0.583377492156891,0.32897129680455217,0.1388668019432026,"[0.17326140814393062, 0.2655445522787941, 0.23537583532246037, 0.325818204254815]"
case_f19bd3a88b1e30720ce7,0.735001256904413,0.4461355497018096,0.20544639429510544,"[0.13885627680022009, 0.18438804966885933, 0.19930047639981743, 0.47745519713110324]"
case_3ea719ef1cd4bbeadfe7,0.6915423685266008,0.43690839474434046,0.19755909665966365,"[0.06992587447166443, 0.18831302722295126, 0.22865246733029684, 0.5131086309750875]"
case_fdc9ee103a4311e66955,0.6363597069516866,0.4291332081378276,0.23637532892626445,"[0.03337815004384737, 0.2445562664941453, 0.30431838514550863, 0.41774719831649865]"
case_8a5de5c002331e53bc4e,0.8262069985759155,0.542016189446578,0.2796920526245694,"[0.13288368765744196, 0.26855307035539405, 0.26754101579306494, 0.3310222261940991]"
case_4ef4b5738aae253edcda,0.7809964572211607,0.5751835343871917,0.3061479246630822,"[0.14436557748192733, 0.5091717380471905, 0.17865198238679753, 0.1678107020840846]"
case_706ad86a071b3d03d5c5,0.6688461938163239,0.427582708310729,0.20133851568309855,"[0.05558300556551197, 0.31208569942365016, 0.26450715848468326, 0.36782413652615464]"
case_a47cbf3042bdbf0a5bd8,0.8159083648704804,0.5878001197820496,0.32862943324029725,"[0.04064604211957943, 0.19151010599408153, 0.43471885127089, 0.333125000615449]"
case_fbc098d34dd78b5a96ca,0.7777758258833207,0.5164555050766367,0.2596940374957273,"[0.041345684232416385, 0.08823266639099869, 0.3085032507598761, 0.5619183986167088]"
case_71edaddcb78cc15e79a3,0.7010774382117659,0.40854615319571463,0.17988299213120537,"[0.1261292981716921, 0.15683358318441692, 0.23619113600443936, 0.48084598263945166]"
case_a1d6a1d8df5c0258160b,0.7170378124527046,0.4540617028606899,0.22524198024688696,"[0.11162163868210843, 0.46148623220522295, 0.29594460608658135, 0.13094752302608723]"
case_49bafa8f8012b8a0aeac,0.8154439455149786,0.5482322765936303,0.28506709149508136,"[0.04699582167393757, 0.2677605642491226, 0.28034928161298267, 0.4048943324639572]"
case_654c1759f41d8bf856f0,0.6893045206726633,0.42118776794111024,0.20320617495186039,"[0.06395342100642655, 0.20119960184345492, 0.2763368249299755, 0.4585101522201429]"
case_119cbb2d05e3d9342623,0.5780052116842934,0.38040820674965015,0.18040175886990678,"[0.33493851954677223, 0.1836830644178695, 0.1895409642611043, 0.291837451774254]"
case_38edbf39e85bd8c7c692,0.7393815542831005,0.5251537394539528,0.2572522787382323,"[0.1782439120549979, 0.4773076654149179, 0.27817621632972817, 0.06627220620035613]"
case_f7470da9c12607384dfe,0.8222065513059575,0.5668262285073188,0.31175135838334544,"[0.11301823386911156, 0.5068747866471932, 0.33540863583852454, 0.04469834364517068]"
case_690daecdc613929f4448,0.6985112251054787,0.4377831803939244,0.2001214277630582,"[0.13142311344553584, 0.36482806366235904, 0.3534990785656037, 0.1502497443265016]"
case_10869fd7e7c63fb2db6b,0.7550270503991495,0.4816289850982901,0.24108697714851945,"[0.18316900415389742, 0.08403276487224068, 0.24795668073452198, 0.48484155023934]"
case_176a4b7711e8a6bb25ea,0.6506572541350073,0.40232611401756707,0.1861068016249008,"[0.08313994845229128, 0.36196989144771546, 0.3689477075498984, 0.18594245255009492]"
case_c6c5537fb8f75f2cc6e3,0.73403257976636,0.49368781082437363,0.2687786583211838,"[0.425896178746959, 0.24623252015866964, 0.12504601261279488, 0.20282528848157644]"
case_f4ff615ec2ca061ab055,0.8065803949279207,0.5354127679650454,0.2886582726009399,"[0.4389838320092571, 0.29186070741320125, 0.19200313941635336, 0.07715232116118828]"
case_90bef31b79ca6a9f67bc,0.8169753816513969,0.5832643428252718,0.3158853769183007,"[0.05838549621170031, 0.2949056046498297, 0.5538877100498011, 0.0928211890886689]"
case_db7fe86f18650b025160,0.73171580608465,0.5042532562503721,0.27870390892187136,"[0.030751765686199452, 0.07599110553272058, 0.25228245553057477, 0.6409746732505053]"
case_309b8db591db1361f6be,0.8002689415892612,0.551048183850774,0.27447488304178336,"[0.10447588681583744, 0.4053131192262829, 0.3573645904987481, 0.1328464034591317]"
case_905a0a9eb1d0da76429b,0.7513186532858318,0.5108874540257227,0.26642392740514076,"[0.19337175778264498, 0.2819731965906073, 0.2580594154454695, 0.2665956301812782]"
case_b9d4312265e00b7dad5b,0.6978788137915535,0.42195262884340856,0.20865373326682818,"[0.2086919176296616, 0.34922543258795613, 0.3593134395565043, 0.08276921022587798]"
case_4ab7108b86ac890d677e,0.71260273207151,0.4479446311434323,0.2278506890004141,"[0.2296000852624588, 0.1797433522305392, 0.2490752674501429, 0.3415812950568591]"
case_56ec5e56b0a460051c38,0.7938113685709778,0.5216390897651629,0.282089411087725,"[0.28481246707060637, 0.2905161275046487, 0.28362194622986436, 0.14104945919488063]"
case_02aa1700baca77c3d2e4,0.7447729036984235,0.47549995409798373,0.23372401534219356,"[0.13481661093821307, 0.1614777747096046, 0.25543720679239684, 0.44826840755978553]"
case_aca2f9b2b2be88548e6a,0.7886837185358562,0.5091135029658832,0.21999467172035297,"[0.37393983544274795, 0.2482374266637783, 0.17949075404658116, 0.19833198384689255]"
case_50e10404b7ef230f81ba,0.7349752745262843,0.47550970023599437,0.23217034060783764,"[0.09272242995365712, 0.18231780647293888, 0.32193383140746956, 0.40302593216593446]"
case_5cff3b983ae6bd46d74a,0.7619621405606193,0.5117671461515915,0.24901478866615773,"[0.06963436958228512, 0.3683599913005284, 0.4503025591670735, 0.11170307995011314]"
case_3425ec292d6bd5769d5e,0.8466329720229326,0.5891658467124159,0.3124158935024626,"[0.24931013520849485, 0.09108381131685446, 0.2281776731144481, 0.4314283803602027]"
case_4131791a821e5b8e5ad9,0.7187471634850093,0.4928966026729251,0.2645713250399955,"[0.40949532976254494, 0.11441735561274134, 0.18947998246073738, 0.2866073321639763]"
case_7b7c55271028678459a3,0.6222729667782995,0.34815102361540806,0.17249607088765384,"[0.18985321809702335, 0.12876881290245865, 0.2491940135677061, 0.43218395543281196]"
case_82df32d9994f5c3b4ff8,0.7312368431841443,0.43561814088327877,0.1962987761814819,"[0.060007259075669055, 0.604188825339591, 0.25852283225465095, 0.07728108333008912]"
case_1331b765186a50b9c37d,0.8129040121585862,0.540802554628685,0.29257114217405045,"[0.09352912598380572, 0.2563318039609174, 0.39666659033960694, 0.25347247971566994]"
case_c9db49c31e42c708000a,0.8215095386993712,0.5893760065428262,0.31359652629999274,"[0.09036169426299041, 0.22867877540254217, 0.5158250389526603, 0.16513449138180716]"
case_335429c81d948c6f7d07,0.7971086203798821,0.5202074555600046,0.27431175023396714,"[0.05185073334495769, 0.2833960601324304, 0.492035280746083, 0.17271792577652892]"
case_fcc2d1951c41db990c13,0.7889141829580577,0.531164535590994,0.2756522272470304,"[0.23834223874132413, 0.23665601586701496, 0.4551085196512363, 0.06989322574042466]"
case_935a59d82244242d2ec9,0.8010038265409771,0.5413882365425378,0.2796201949898268,"[0.05820708473523458, 0.40980295836925507, 0.32188262542088825, 0.2101073314746221]"
case_54b3d451846c322280f3,0.819504455410894,0.5816189994234522,0.30804877694868377,"[0.14370425082652272, 0.367909855999745, 0.36098849497215935, 0.12739739820157284]"
case_f0392de0b5f7fcfe9b5b,0.7405941192289092,0.46720673495716203,0.2397622888291957,"[0.08857824529210727, 0.12822961434721947, 0.2012225811680158, 0.5819695591926575]"
case_42ab60399c7ac0bfbea7,0.7625228258649914,0.5249296235853683,0.2677211462337103,"[0.09550644492219387, 0.2041940891798665, 0.3649050809836742, 0.33539438491426543]"
case_d0ee885aef7938017873,0.7863252211919942,0.5791673222953335,0.28582201212263664,"[0.22464479785382063, 0.4474909908592214, 0.29360526535736814, 0.03425894592958982]"
case_02c9e7610c313f3410fc,0.6894948060679557,0.4146393593282551,0.19165596942834098,"[0.18862152484039507, 0.3297019693103293, 0.40701946295486635, 0.0746570428944092]"
case_9ba4bbcf6f9afea19701,0.7693871019352463,0.5188475416038241,0.2749444338195635,"[0.04604961581758056, 0.26383941770653146, 0.5456868588464203, 0.14442410762946764]"
case_f23bfbbe3134402ff741,0.8585653620927618,0.6458645967629331,0.3668194706777579,"[0.1438549653656362, 0.3671174774774081, 0.42715584262613676, 0.06187171453081885]"
case_09fbf9be7253686493bb,0.6095238337888146,0.3587735707716059,0.15692160130076432,"[0.05678560162894526, 0.3365301659259807, 0.2473461606460026, 0.3593380717990715]"
case_22405417a1d2677d2acb,0.7556077194419598,0.4686045910046014,0.19773310152960077,"[0.06565356501043274, 0.071837818967262, 0.22711436873514892, 0.6353942472871563]"
case_a2b1ca1441d3322c3161,0.6828551181176192,0.4186314867834078,0.2022424533199144,"[0.09733031263791297, 0.13135209023480335, 0.4129522612643658, 0.35836533586291797]"
case_6188676ad2a0aa024f9e,0.6416894579871895,0.36714403167357107,0.15815402225237746,"[0.05912323968343769, 0.23557685023675107, 0.1474272224207602, 0.5578726876590511]"
case_de52bb8d08317abaa71c,0.6320024576972458,0.36209967253126485,0.17425119937450184,"[0.08963103212228202, 0.3523105182956383, 0.16307122539649632, 0.3949872241855833]"
case_d86ec5c051147eaa8487,0.4541183152962911,0.2732945083661973,0.14606897043506734,"[0.10623099018556399, 0.08791219100574178, 0.280845799027736, 0.5250110197809582]"
case_ff052d015e3f1e7c67a8,0.6670585478732566,0.44256859572515095,0.2018179849357502,"[0.18087279482158633, 0.15159023289598123, 0.15263945592324887, 0.5148975163591837]"
case_3c4bf00fc58923d70212,0.6103985669212214,0.3850890140238402,0.17980262660942498,"[0.12962273108181405, 0.18547985095888264, 0.1759655985432287, 0.5089318194160746]"
case_a44e1d6dd704e15f8d2d,0.7579610060065145,0.47240084419081724,0.23645489944811487,"[0.10440487359295186, 0.6359834807770266, 0.22650164431016362, 0.033110001319857876]"
case_e802204ca7fbc77a0ee3,0.7534961217755922,0.4895824500899941,0.25704783092002825,"[0.062426784387692114, 0.44810885294062186, 0.31061861791971085, 0.178845744751975]"
case_5bce7a83b3244e139100,0.7261013334971517,0.48197565487428445,0.23724092859840737,"[0.17159529449140326, 0.08736156013967157, 0.11865396170471075, 0.6223891836642145]"
case_43aa3013afcdc44923a2,0.7181504877836551,0.4320666332178964,0.21744050863934467,"[0.17975640615069463, 0.18560128722984304, 0.31006220668492507, 0.3245800999345372]"
case_864261955a65903cc925,0.7785819342319353,0.48813674000907303,0.24379404420778947,"[0.1033285160816299, 0.19803709504886935, 0.24398403003257624, 0.45465035883692456]"
case_4be1026a81244acb004c,0.7694409514072451,0.5164295383258539,0.25868659306032454,"[0.0284020789320296, 0.22621708143032723, 0.6581484087533608, 0.08723243088428231]"
case_18cb62870424afb937c1,0.6955508257090648,0.4206445031964822,0.16343970693903354,"[0.1684466220317929, 0.22085661076929614, 0.27996656417713817, 0.3307302030217728]"
case_5061a4a5d8c7abc6cd79,0.6739882927491992,0.4231640679797698,0.19340702722258124,"[0.04977062104614397, 0.09071107066844743, 0.21401651047358922, 0.6455017978118194]"
case_1e60e446e91760b621d6,0.6577920574534625,0.4195465355954491,0.22713315215115043,"[0.2670172088719558, 0.1464919664771851, 0.10391164700080513, 0.48257917765005404]"
case_c77aa3f9181ba9b8a89a,0.7928317153507678,0.5376957196487168,0.21423761258874374,"[0.2516593641661959, 0.19419991659074834, 0.2012833699870863, 0.35285734925596945]"
case_a408661b338ab3e3d144,0.6782563386860501,0.4116529150541647,0.208964037565687,"[0.043016603429856845, 0.29704547347571375, 0.3051436283084202, 0.3547942947860093]"
case_cb4b2b54bb7a07a70854,0.6459437317377139,0.38691412827200716,0.17151175216654252,"[0.24557667595931232, 0.1697652050344408, 0.16987730150360517, 0.4147808175026418]"
case_72c3690eae51c0503572,0.7725390024852785,0.4965464152891196,0.24553869505111092,"[0.2062898086676584, 0.2602217726807, 0.3012684747009661, 0.23221994395067547]"
case_6574eb5343f6ed4df347,0.7342642178381671,0.4311269028623921,0.20229914557567105,"[0.031247860364085365, 0.14997552695477015, 0.29412067681538184, 0.5246559358657625]"
case_b9bf67e8e7c71b1cb98e,0.754341209105315,0.4780812483691636,0.24467959903202913,"[0.14825665904568316, 0.18862976752460464, 0.5373804760499701, 0.12573309737974211]"
case_e9dc05f79658c04a4e97,0.5112575175507303,0.2728154912842435,0.15149928696740544,"[0.46889341583394106, 0.1508376880009607, 0.11247867535237115, 0.2677902208127269]"
case_e34d4376277ffd79911a,0.7392458707898578,0.4653215249175278,0.23156181276744908,"[0.2388146136381038, 0.3467707582299298, 0.23710871879594447, 0.17730590933602192]"
case_c6eefed53e81afb38d71,0.7554473419973566,0.4914388997199018,0.2508916907271559,"[0.04246977046898805, 0.060689098079654995, 0.17026418500351465, 0.7265769464478422]"
case_87e92c29237aaee696b7,0.780919465034607,0.45773056347839447,0.19019789331874976,"[0.23449120608930615, 0.217844407969491, 0.19396053528628887, 0.35370385065491405]"
case_ce6bbc382fe1acf8e630,0.810933559813009,0.5902602489131099,0.2886061015569705,"[0.14288276362974064, 0.22864836837525976, 0.36524477419632284, 0.2632240937986766]"
case_087e033825335ee552f9,0.8627723738229931,0.6136370665517665,0.2935301485295079,"[0.23792768790468202, 0.1212367863210681, 0.2175388342631095, 0.42329669151114047]"
case_55d171084d7f5553b7e8,0.7508255358166627,0.4804173346042392,0.22082801203406716,"[0.2512789356148296, 0.24522242821642545, 0.3831078689142671, 0.12039076725447792]"
case_f6ce177778c867f0d9b3,0.7849016492737765,0.5309813875113376,0.26636555287065894,"[0.06348122191171458, 0.21711595464307046, 0.43223074293251207, 0.2871720805127028]"
case_5764e0e009ba7096452b,0.6236973475035293,0.35054537670294106,0.16614819362194533,"[0.09945375819458324, 0.16792308954321433, 0.19293737106459707, 0.5396857811976054]"
case_15da52a4ff06d512443f,0.7023027551789913,0.43502042089418697,0.19914613311103108,"[0.08725773391424581, 0.48239648496912074, 0.3262676788273609, 0.10407810228927254]"
case_1e8c75a10a3a5d1d13b9,0.7803228410207834,0.5029572111474232,0.24330778040678552,"[0.09856114732481246, 0.13739832157980988, 0.42225874434654226, 0.3417817867488354]"
case_44b2f025bb1e496b13c8,0.7626638465977518,0.5160103094498145,0.25635353047812215,"[0.1889612436141308, 0.05959858743700388, 0.14693795082724945, 0.604502218121616]"
case_675520be87c211154f29,0.6973385264539225,0.4519513611544147,0.24810387963826486,"[0.4070543387474467, 0.21256567221037043, 0.1994218995259916, 0.18095808951619133]"
case_f3d7b4b5a354776f287f,0.9072393226851747,0.7465338364602635,0.45167999438764894,"[0.23339328886122176, 0.3318695048791861, 0.3889304837571879, 0.04580672250240414]"
case_6efe2159a3844828ef0c,0.8823478128262551,0.6619429141012358,0.33514933746803727,"[0.13216042474590214, 0.40656874937992155, 0.40731358893225833, 0.05395723694191813]"
case_444716e44ebf499a96b0,0.5962362925170173,0.35738212806501857,0.18686853980831475,"[0.18228354869004537, 0.16164778509092545, 0.287523395940429, 0.3685452702786001]"
case_d17bd10720a6bf0712a2,0.6687006201610775,0.43924820605384146,0.21839130620872987,"[0.053718558725601905, 0.063222253031199, 0.13181697288253072, 0.7512422153606684]"
case_c5130f6f3d7462afa8c6,0.7931037298565418,0.5281637589574038,0.2788476384829013,"[0.0785102439330906, 0.1458831339198049, 0.3123183021465832, 0.4632883200005214]"
case_b364297a853f4435ed63,0.6635850995105372,0.3874983357294055,0.20017739132315057,"[0.6098931041979455, 0.21561012195499007, 0.10007454591502067, 0.07442222793204366]"
case_8b02071c00b5e40981aa,0.8201263457049525,0.5765990472115673,0.2827797635470429,"[0.0789913720401732, 0.21743669582228276, 0.14662300280404214, 0.5569489293335019]"
case_1eb68afacd16fbb8d090,0.7915679071636443,0.5553363593112202,0.2900477360192253,"[0.18052361508860706, 0.32357452218202903, 0.34839896793662223, 0.14750289479274173]"
case_ad8add65b666ee2a3036,0.6480524281220623,0.37603066466590573,0.19135509656515282,"[0.09990881233977136, 0.29830767131806846, 0.5014694669046, 0.10031404943755998]"
case_b1c95b678b9e75d0efd3,0.7614017660630381,0.4966266197821543,0.24636714854601072,"[0.08407440818936382, 0.20606738693147272, 0.24951402473124723, 0.46034418014791617]"
case_1e03f89f7e9ef082576f,0.8312341641535677,0.5833276460776425,0.28870469504411705,"[0.08737852192908623, 0.2604273450691942, 0.5451859224431428, 0.10700821055857679]"
case_806af362bca201fc43c2,0.7294166770178634,0.4600241274202883,0.22029817877795171,"[0.08993284832644494, 0.11748532030411885, 0.3222850084446682, 0.4702968229247681]"
case_392b51d286fc55aec97c,0.6886670880965979,0.44426746431391095,0.24844809569493972,"[0.1971797665380473, 0.2291002438103123, 0.3594987239514978, 0.2142212657001426]"
case_9801ed28708f7ab0dcc1,0.7167354969254891,0.40615576529241715,0.19254335901623643,"[0.14222836458576452, 0.5295102430477133, 0.2980561771619828, 0.0302052152045395]"
case_f59083132894c1fcde07,0.8220560500898503,0.5668697223166788,0.3028397174428276,"[0.2840308774357023, 0.269714217004323, 0.3405472432236943, 0.10570766233628044]"
case_ac9cf49047680a03811d,0.794556456070872,0.570896578848822,0.27746433316178254,"[0.16786938738952686, 0.26615033282686934, 0.2561424647158139, 0.3098378150677898]"
case_7617eea8a167e248d7ba,0.6991910841742728,0.4234558515084591,0.19274442553950494,"[0.04698079451086415, 0.11050627400516952, 0.17648132375510273, 0.6660316077288636]"
case_fbda05e1e0688ebd269a,0.8080705532268431,0.5116170881697466,0.25090078805655996,"[0.08982493481527484, 0.49545218863838164, 0.3397150092610903, 0.07500786728525344]"
case_54ae689533a88ebafd27,0.8225678767968021,0.6101714073090445,0.36775049009693095,"[0.38209990515013814, 0.1532946059119322, 0.202179244592411, 0.26242624434551864]"
case_f00030aa380931580ef2,0.7827081524898789,0.5358639562694485,0.24998348462247755,"[0.04006907904824127, 0.2512484673457925, 0.6463054121617225, 0.06237704144424383]"
case_369da7746145124cc8b0,0.6553685795289044,0.37191438473523697,0.22046034251523108,"[0.18994717075172463, 0.5158870325931497, 0.2351747928003157, 0.05899100385480996]"
case_cc24ee17c97e0d72108d,0.7820957940130142,0.5299423183929206,0.25749812676879924,"[0.03597529846229017, 0.4638612081733238, 0.4520663234007508, 0.04809716996363535]"
case_8aaef557e60ca2c99fe7,0.7241916263780307,0.4580374783488169,0.22567654959967162,"[0.10829573376146256, 0.12379113198056793, 0.31990377744146437, 0.4480093568165051]"
case_4b947aa1025c61016861,0.7961560926675433,0.4948447953720494,0.22651383563696853,"[0.1925716698716147, 0.20669034041526063, 0.17606216631495145, 0.4246758233981732]"
case_045108d90ed66e2528bb,0.7503410583337264,0.4878354409312574,0.22486057113854718,"[0.0857686125821241, 0.18958247970890818, 0.24588162875348804, 0.4787672789554796]"
case_d0af4a74b52c8e09dbad,0.702917922386826,0.4511496582793017,0.23539600348158995,"[0.10189658651749293, 0.09773578991492589, 0.16509482264518738, 0.6352728009223938]"
case_e00e31d1a0744692c2f0,0.7253358479450202,0.4568923478579426,0.23240327464831523,"[0.16945519012032934, 0.2242050198739397, 0.38207847354410185, 0.22426131646162914]"
case_f22ec45ff52c1b413ac9,0.6978318893600366,0.3819817327837888,0.15225934891697657,"[0.19553847827361112, 0.2210872731174122, 0.20435743711958576, 0.37901681148939087]"
case_f36e7be7517e935c71ef,0.68322228813788,0.4111626611197906,0.19141695546523557,"[0.1666938861219253, 0.17022893836783187, 0.2605347611666151, 0.4025424143436277]"
case_739fe5d533be0112bc3d,0.8391141135003592,0.6179815114222,0.30540502584906487,"[0.19407422801779003, 0.27042212726923376, 0.44746619525285775, 0.08803744946011843]"
case_3b7c6d2496a59c8f6450,0.6643717484348868,0.4040780696876459,0.21431082586794387,"[0.20462687833243995, 0.31137198762953217, 0.21673269156280614, 0.2672684424752217]"
case_a92f0929be5ea74d449e,0.8021524228226107,0.5416588655825557,0.267968862122721,"[0.13000074893235417, 0.22079954325358528, 0.4224356966968806, 0.22676401111718011]"
case_220c52a51604c2c0c466,0.7863828822794962,0.5391851960738672,0.26884706337416403,"[0.11687193083667044, 0.05496041624037706, 0.2104851815278195, 0.617682471395133]"
case_100563e03bec7b85ee9f,0.7909524049278959,0.5159530345736189,0.24868261809296083,"[0.04207708676140237, 0.19704217663148496, 0.31136216642617637, 0.4495185701809362]"
case_df3657f16a44d8cc807a,0.7287068838482118,0.46624461768079073,0.23981327006958827,"[0.0887401751301738, 0.31883602794516164, 0.379887323972205, 0.21253647295245942]"
case_38f684c2da6e92b12da1,0.6971096152954718,0.4315924483580583,0.19893613626164766,"[0.09315019964694256, 0.12816114064477876, 0.302656062389137, 0.4760325973191417]"
case_4e415174a3e164d56fbb,0.7031354183361758,0.4714279653634434,0.2574500252168507,"[0.16753537786468486, 0.2878604304009633, 0.25595252458301654, 0.2886516671513352]"
case_d29860eca1688add0ed0,0.722688487189826,0.45096867814672614,0.20160729616948436,"[0.25230923729064747, 0.2590723726673117, 0.4277910529876971, 0.06082733705434367]"
case_f209555561dd025c4934,0.7989626737970463,0.5154239722453852,0.26248133038951166,"[0.07818437233283672, 0.144086326643369, 0.16030612751679987, 0.6174231735069945]"
case_f3687317e8641f954758,0.5334116967233751,0.3594402561738118,0.18290704114370873,"[0.5665038724740347, 0.16431894401709238, 0.11863573640584946, 0.15054144710302353]"
case_8ba49adf16c80b4241c8,0.7625840345823688,0.49179515949017427,0.24356357254211367,"[0.036785953984422456, 0.23238736780637187, 0.3905165558953751, 0.34031012231383057]"
case_9f20a6053aaebd72d1da,0.8145054807306016,0.500026826766732,0.21134842797721473,"[0.09787263677897146, 0.13871896350227902, 0.1561002088755307, 0.6073081908432189]"
case_a331cda97464fe7b7820,0.6448916766115511,0.39032998506711947,0.21171122581032858,"[0.17822627740442173, 0.387751734074231, 0.26884855730605955, 0.1651734312152877]"
case_b23efaa8444e695b09a0,0.8119067725530874,0.5757252192591025,0.293847360621298,"[0.08614013515675358, 0.15766967879965094, 0.44184750000934425, 0.31434268603425125]"
case_c243c61348e2e4e3a24e,0.5767205452531979,0.3509136468577774,0.18244882077704086,"[0.10037469851427437, 0.07133758680107992, 0.2667008684740701, 0.5615868462105755]"
case_ca8f3f0d7b6a2f8db5e6,0.7131851298344543,0.43266783352616767,0.23592615392052174,"[0.21426584961809267, 0.35473582212336324, 0.31437244954821814, 0.11662587871032591]"
case_be0ba0626f3b674ed9fd,0.7892344998778602,0.5403086087980161,0.2751538769876996,"[0.30953104498331524, 0.37346134714974233, 0.242301849409846, 0.0747057584570965]"
case_d4fa7a198e1a4c5ee235,0.6338118925360431,0.37803030292865225,0.19453906278932223,"[0.1786525958179379, 0.18303752330221873, 0.2944642029290214, 0.34384567795082194]"
case_002ff4070e7334220c29,0.7551210401691866,0.49660912630701803,0.25026636330834423,"[0.24054957448344277, 0.18760763232692812, 0.2844986114005523, 0.28734418178907667]"
case_a43e8dbe7d92617cd3a7,0.8034741881499622,0.5088614941641284,0.24781384356459385,"[0.050783776379769496, 0.3056881751108674, 0.2037144253993639, 0.4398136231099992]"
case_0d8580dddfb1640ef678,0.846621974561186,0.6249830074036659,0.31715457313571144,"[0.2081255933960685, 0.3366548523015195, 0.3553248303870643, 0.09989472391534772]"
case_983dee9d5db5b44b219d,0.5777105170508492,0.3074397396354765,0.169482507393339,"[0.053440252295337956, 0.1583755083697284, 0.1884319058257927, 0.599752333509141]"
case_9c3445c6293d1f0e95cf,0.5003175040568882,0.28851524819428503,0.14048420010139712,"[0.11981674532095592, 0.39934322237968445, 0.2510981261730194, 0.22974190612634024]"
case_e6a8203d52079b726dcd,0.7597993711329709,0.48525471867599423,0.24182109788462525,"[0.0974378497937514, 0.11991951067942544, 0.16351786616635322, 0.6191247733604699]"
case_2e675ec087716d1ed71d,0.8434371972634327,0.5922063103833004,0.3110021711194937,"[0.08699489643825797, 0.6928609023755532, 0.16214275944180268, 0.05800144174438606]"
case_4c8c4368bb7dd7e69d85,0.7227134286452985,0.41029947792973276,0.18278088932975106,"[0.174601489431652, 0.16797889685641282, 0.3239259505076908, 0.3334936632042445]"
case_1700d6bfa4f3748041a6,0.7130842730810831,0.4599678716148376,0.21526965242266263,"[0.030540901077493535, 0.07733764041134537, 0.3303639706490635, 0.5617574878620977]"
case_020a1f7f094fd384c9be,0.7174972496270771,0.39917726388335495,0.1621127949615821,"[0.10492801261552155, 0.11142824672517807, 0.12563149940523258, 0.6580122412540678]"
case_bfd19d796966c7469655,0.573258071540715,0.390511694798125,0.19911729972799605,"[0.14176973487379588, 0.18604030257970172, 0.3069150356126702, 0.3652749269338323]"
case_04627e45f1de11ee2115,0.6650715158987366,0.3905676279648364,0.1728338769026182,"[0.048678663629633113, 0.36709508735657664, 0.4982033434623123, 0.08602290555147797]"
case_1b100a15d610a7bf6a90,0.7350315208662692,0.4469768710268499,0.22652851606575392,"[0.07527011304455752, 0.16388924537848237, 0.5349358439803684, 0.22590479759659166]"
case_5f04aea028a4dcaf001e,0.7263720770422186,0.44271207170651705,0.22490429426268557,"[0.289914608001709, 0.2687401920557022, 0.31011147300402325, 0.13123372693856558]"
case_b77adea629e43d564dab,0.7088167352128506,0.45815266587431475,0.22940361083228833,"[0.09629266843369279, 0.23946772970627664, 0.2542421223418761, 0.40999747951815446]"
case_70bc83ab12579cae6ac0,0.7877104275377935,0.520548059575221,0.2698214591348592,"[0.0652210295227275, 0.11046410952297826, 0.28258776612097813, 0.5417270948333162]"
case_77768695e339bc5f5adf,0.8135701813684038,0.5291783118787001,0.28367936302475727,"[0.12286614478314947, 0.5788116665568162, 0.2535873420620078, 0.04473484659802665]"
case_5a40b14465cbc240943b,0.6895183450991732,0.4260702488788254,0.20629126969148845,"[0.2261334910141152, 0.24653649690625806, 0.39801837397679, 0.12931163810283675]"
case_b7799c52f0e756733b08,0.8396340133777079,0.643186927992093,0.33972760288138737,"[0.09215256661616551, 0.09398232117053498, 0.18011666270550342, 0.6337484495077961]"
case_99922595da1ab3514b00,0.7107911421162603,0.44537569199644367,0.22761980667898374,"[0.08439776172760588, 0.4574850133510525, 0.35482191288411685, 0.10329531203722485]"
case_60cf38763a1870776591,0.5021854807646133,0.37188506959218504,0.22337334466541084,"[0.07675247898402757, 0.0650374016204135, 0.17871818553081717, 0.6794919338647417]"
case_9b412316eed93e94af50,0.820511789178969,0.5664405398032211,0.2433964417084622,"[0.7555186933114156, 0.12542262650016206, 0.0431798509449142, 0.07587882924350818]"
case_5a5b5956abbfcc2fea5b,0.7414393335006444,0.5000023330878517,0.23783212804578188,"[0.2957814481334381, 0.37613416397105076, 0.2744615975954573, 0.05362279030005369]"
case_e36b3e553b3839370b32,0.6851061959365248,0.4469216711191822,0.22191346723985567,"[0.018139300406158392, 0.12876043140939267, 0.506778574996987, 0.34632169318746187]"
case_980f9f859b7ba0fd22c6,0.7096703921488345,0.4195121068195756,0.1631017468575105,"[0.1476128221032456, 0.14165673371838067, 0.2635866301539217, 0.44714381402445214]"
case_f33d57f195c630ad679e,0.7715883745719354,0.5342051908148134,0.2694730197836479,"[0.218887331425094, 0.22800938985712466, 0.21649400633842728, 0.3366092723793542]"
case_24da9b79d4702d37aa48,0.6806923377194526,0.4154710150733262,0.21658706380715437,"[0.22213586171275068, 0.35930191286831403, 0.2783615850042658, 0.14020064041466954]"
case_38d8801d7f25ce2bcbc7,0.8250806703850639,0.582853938085329,0.3163666159178923,"[0.17425179690783246, 0.6296316146803842, 0.145331529984112, 0.05078505842767124]"
case_c6c46124113b1fd122f3,0.6064296762610655,0.4405802111152143,0.23992035811611206,"[0.08944991505518768, 0.19056749864003317, 0.1991432259692941, 0.5208393603354852]"
case_c1a1c379fa56d538038b,0.7836894118509985,0.5565743525464288,0.29219674693643605,"[0.0501083238679294, 0.16601484640947115, 0.6852337967745994, 0.09864303294799996]"
case_1fa11dd8b08a6413a62f,0.8206738714031361,0.5958943594952752,0.3122844668572227,"[0.13602176535086305, 0.2571740000014702, 0.4949645699070977, 0.11183966474056911]"
case_3f3bfde563f9dae567c8,0.7764954886674518,0.4567131387269524,0.1868396745582923,"[0.15080799364369135, 0.16336979252879325, 0.191071712050488, 0.4947505017770273]"
case_17081b3d00578b34fe8f,0.7760863555985873,0.46386538896698315,0.18449959352672984,"[0.23941438791954472, 0.14741888446431176, 0.18212247076590124, 0.4310442568502422]"
case_eac15ce2809a35063d33,0.734103059342563,0.473888099410489,0.2548287706901977,"[0.08006909057660987, 0.12682876538453813, 0.2442071296770566, 0.5488950143617954]"
case_fa9a048411902fbbac1a,0.7972177260506592,0.5446355029498903,0.25588752878019333,"[0.12187334495046945, 0.16631558184298753, 0.26477299159760614, 0.4470380816089368]"
case_2c03081b0cde8288e84a,0.7191916475315161,0.47621123168095314,0.22208968950694163,"[0.1565026506569886, 0.1583898156247826, 0.23103828708493565, 0.4540692466332932]"
case_d0b1ce7c238b4dbde01b,0.5787494977319633,0.4450161987261445,0.24744336658515326,"[0.10010732064751109, 0.16101254931104728, 0.21525797958431622, 0.5236221504571255]"
case_543fabb7d4f9a1ba39d1,0.7293934389316952,0.45981988083273057,0.22929314358041805,"[0.1167038960906447, 0.1237606186351788, 0.2792413135978071, 0.48029417167636934]"
case_9cb80e659d4f5af4dc63,0.8422505672709673,0.6106437219275609,0.3572615304949761,"[0.05887975492616449, 0.09149346890206164, 0.1505975974424387, 0.6990291787293352]"
case_d2921d7af22147d0a07a,0.666665627537215,0.39339010089427295,0.18992576503193356,"[0.16720046205221514, 0.07303696077602323, 0.23271337595885722, 0.5270492012129042]"
case_66d6624c25326ab4f49e,0.7392778534206317,0.4670452696150269,0.2384197485793978,"[0.10482237704362904, 0.34910726027030853, 0.4861439890740714, 0.059926373611991005]"
case_fb682cbc59f29ff3db81,0.8419788159781283,0.6089887044217901,0.3261625087058935,"[0.1390404684366893, 0.6357348909961221, 0.16540278139543144, 0.05982185917175726]"
case_bb740eb2d90c9600ffbe,0.7063377029182242,0.5141979903927087,0.26705515348716813,"[0.05610814366832003, 0.11892373466549583, 0.35903555963591843, 0.4659325620302656]"
case_0a88ea48c3e731ccc7ab,0.784867112178723,0.5320459146297747,0.2755783754222122,"[0.022282573332220577, 0.2961629024813988, 0.3346325050382277, 0.3469220191481529]"
case_055ac31c85cedf63b491,0.6933394686710379,0.475089724520467,0.2302560148622927,"[0.028751156978169018, 0.3511308030372777, 0.23331416454141182, 0.3868038754431415]"
case_8bc7977c36566cfd7d97,0.8444225210424728,0.6034660186775274,0.30337713616217815,"[0.24850799241819505, 0.5253176698657219, 0.18423588407183608, 0.04193845364424691]"
case_56168618b711bed611bc,0.7322237505185184,0.47449700639035286,0.23465224651156583,"[0.11215805603491312, 0.14706126443448578, 0.4400540431817779, 0.30072663634882313]"
case_7d10c98650a26a0020af,0.7917327683550185,0.5326551148356868,0.26489287644824133,"[0.10112033993680723, 0.5231643433358069, 0.2734063173901512, 0.10230899933723486]"
case_6c33a1da43931fa866e2,0.7323874561257184,0.4634506064929306,0.23522442887115236,"[0.17193917594661237, 0.1460459550856909, 0.2947018188331841, 0.38731305013451256]"
case_b12e032ff9cd9690be67,0.694887917595459,0.44622041746965535,0.26837090712297273,"[0.3039727660435142, 0.29551994879166615, 0.1907108650642572, 0.2097964201005625]"
case_7fc5590447ef0f854f52,0.7387245728729422,0.4612826489619553,0.2292110738803877,"[0.5473388909771831, 0.18817069063023717, 0.13115973845933973, 0.13333067993323997]"
case_b9be9b4eb942a7e2f9be,0.7221765171992269,0.48194809242562053,0.2538037692628319,"[0.14996441112144065, 0.241079488913457, 0.34361100340158374, 0.2653450965635186]"
case_e1561201082ff702639c,0.8443958662510402,0.5489294069216554,0.24001982765308721,"[0.18511152212486104, 0.14808729843038423, 0.19883742832628604, 0.4679637511184687]"
case_7ef6cb533d258015b6dc,0.7900674798367598,0.5740545422854405,0.3126949635397863,"[0.1564358799149659, 0.3702015925543787, 0.4246867141729173, 0.04867581335773823]"
case_46a80eee63ee02b3d50f,0.8028436741658427,0.5635484713666185,0.327419129671066,"[0.2666742139389149, 0.46299901579200536, 0.20405008005381525, 0.06627669021526457]"
case_c42ece2bfb10d80d241e,0.7825285620339564,0.5135913343229003,0.24992411971685333,"[0.16478824326200225, 0.19094680202268857, 0.28499483991415586, 0.35927011480115323]"
case_623fcc1be60b984859cc,0.8149195652955705,0.5802967762224063,0.285220906675914,"[0.11490768240666373, 0.22092360247288315, 0.4375358024060572, 0.22663291271439578]"
case_dc1fb68d303bc1a8d4c3,0.6150888238957489,0.35091162110073093,0.1738384382228953,"[0.06518013078853585, 0.19438878343295643, 0.4393266472170252, 0.30110443856148256]"
case_c75944e97a887f54b28a,0.8397415263238132,0.5856862352164802,0.2920653865284977,"[0.08328115510569817, 0.24177123981483345, 0.23338055476205666, 0.44156705031741184]"
case_43a884dd4ead1989f597,0.7849211120142108,0.575650837725431,0.28958594138765636,"[0.1030422457544734, 0.40883793760064546, 0.41525942434463037, 0.07286039230025089]"
case_9760cbc254d8cf2d6e57,0.6506962599445288,0.37018973222682006,0.18748340829896648,"[0.05910068530799336, 0.28338439801832394, 0.2119256894352114, 0.4455892272384714]"
case_96762b9be23cbb5e7b03,0.7645574849157242,0.5028144402118209,0.24402977778884932,"[0.030721184396056842, 0.5575105488370926, 0.3605193720174163, 0.051248894749434226]"
case_7afddbb2a7209139c53a,0.6569129714883072,0.3891671417044561,0.19697560603191488,"[0.07105187227652475, 0.3376364142531266, 0.42986819809416205, 0.1614435153761866]"
case_d9b15cde2cf1f2d379da,0.7398991226764624,0.5192549443166594,0.29388886212095244,"[0.12168438624916543, 0.2668484018818338, 0.5121708357249282, 0.0992963761440726]"
case_f89feca27a7337b696bd,0.7390485802795708,0.49823882744878323,0.2797767292408314,"[0.3276194543403121, 0.33965023414777223, 0.20741701740501003, 0.12531329410690567]"
case_8196fe0c160dab9198d9,0.6791085402921674,0.4197201479748993,0.21316796477124436,"[0.1567023631684658, 0.14407084989600516, 0.31288310621840093, 0.3863436807171281]"
case_1305820b4f776e999485,0.7279127376015695,0.47491961375136726,0.25770359343352023,"[0.24215182452639816, 0.2991152058484552, 0.3252594408760746, 0.13347352874907215]"
case_364137cb2afacab07176,0.728619984863646,0.4633346918299549,0.2241944887856335,"[0.038816384525878406, 0.31938655776464747, 0.3104602360897905, 0.33133682161968353]"
case_16697a1eebffbcbbdecd,0.6816437691627033,0.43478294280574026,0.21249217960334027,"[0.23797437016723222, 0.2541312667549118, 0.22210520506166706, 0.2857891580161889]"
case_1932a1d0506ab908951e,0.7262192625252861,0.47091399319847116,0.24228702966832744,"[0.15851690635263865, 0.15082903196607386, 0.36973906757088476, 0.3209149941104028]"
case_11ff218c7394cc270566,0.7400215539437917,0.49124079966487455,0.22205179605894193,"[0.23804757684954111, 0.10339486573290112, 0.1994727596653681, 0.4590847977521896]"
case_7f5b67608db56fc31035,0.7890462280745264,0.5010295133576812,0.2282440897791449,"[0.050535988376388875, 0.1862502531847001, 0.24085561583970744, 0.5223581425992035]"
case_cd2c5d7356d8820fd250,0.7182322725837873,0.4573951231791664,0.2194075867910174,"[0.08019612069442687, 0.08481618734839053, 0.2707554669254333, 0.5642322250317493]"
case_5c3d1406550d645eb65a,0.7667025005492814,0.5148179931061135,0.2716446561000291,"[0.3324163324394193, 0.1808450204050042, 0.20760459494983557, 0.27913405220574083]"
case_a38953b907da5894efcc,0.5318154965616144,0.3265293584039373,0.17230517557431052,"[0.2811202504626997, 0.21196681501352638, 0.1714025398086398, 0.3355103947151341]"
case_62589176dceaaf1f9d39,0.7943375402642348,0.561989794933027,0.3276461397295608,"[0.1652838048160504, 0.38686075214743015, 0.38672177398972396, 0.06113366904679552]"
case_667db2a1bfb65157d498,0.7449321538414256,0.4687570867323383,0.2316748518399373,"[0.05221449040200753, 0.35034260095701353, 0.5481777238173051, 0.049265184823673806]"
case_6f62d3e509ec22d1e36c,0.6834190343950061,0.41042892199610137,0.19445376444038864,"[0.08344088908912517, 0.45608030669054006, 0.3352012998899082, 0.12527750433042653]"
case_37a13bcda0ae3df8f70f,0.8504337282512069,0.6176874800183115,0.32030233113319445,"[0.4721597489509075, 0.28026041638426247, 0.18746993523973582, 0.06010989942509416]"
case_2d81b72e6066ff6caa06,0.6987958156715137,0.4496510047338992,0.21504054792721783,"[0.04433636235188358, 0.31749559489402385, 0.27876640025477406, 0.35940164249931844]"
case_d4608080eea2fa4e9497,0.7545283835684827,0.5251945025372289,0.2665186897106673,"[0.08326312009781141, 0.13605879010654603, 0.2737113587161414, 0.5069667310795011]"
case_fd4ca76c64fb8324ecd6,0.8147703930339935,0.5952014534885537,0.3668868433885262,"[0.21585149083343658, 0.442335621464253, 0.25593678264164665, 0.0858761050606636]"
case_8f993e413ed0cbd3d74f,0.7957289640894937,0.5374692709917951,0.2912109482180213,"[0.07949435253686882, 0.23744679111960926, 0.4396876615270359, 0.24337119481648603]"
case_5aafcfb9796e59bf9a0f,0.713941111856233,0.45766365313243323,0.22644572751280045,"[0.10146401007303087, 0.12673094206716257, 0.28973584989430207, 0.4820691979655045]"
case_d38fbe45615b7a8e65a2,0.7271373181930882,0.4446335603782299,0.22194846677647356,"[0.4316252128744264, 0.2703063187982679, 0.25746006203981964, 0.04060840628748608]"
case_3a1540e15857098d36a8,0.8379689092062723,0.645577060804462,0.4077536011685273,"[0.25892785241426713, 0.5114005912018443, 0.15732878281994325, 0.07234277356394522]"
case_eb7822a03efdf07f24af,0.8324755228374292,0.5892700227101276,0.2891051505424456,"[0.04892687088835566, 0.076006106716766, 0.2887351304738104, 0.5863318919210679]"
case_86fb7781e97ec55f1033,0.8248882337840427,0.6224816406120603,0.31717821443633815,"[0.35071715938558234, 0.21447813759916504, 0.14899498742304698, 0.2858097155922056]"
case_cd771065e8307dbee2db,0.7011508637450152,0.4376961419789674,0.21045378102739193,"[0.1236848960352654, 0.350280846958486, 0.39828100755326307, 0.12775324945298552]"
case_0aadddc4715e61c9b3cd,0.725475837012063,0.4516456388681477,0.21951176680011897,"[0.5457305468020373, 0.13797644423129438, 0.15694847406175597, 0.1593445349049125]"
case_8afa7a8fbb02a67d5928,0.6453052604307967,0.39641681716723887,0.22053249125860352,"[0.25206297940837147, 0.12999538722150208, 0.1835837239538109, 0.4343579094163154]"
case_8a08a9011553e3cf0942,0.7180782710316693,0.45881357051702876,0.22469590961676103,"[0.020823671954701202, 0.09074076945364547, 0.16794326036463955, 0.7204922982270137]"
case_cce18ef6ebb3ae29ae4c,0.7114895669540144,0.44277308037737195,0.20631966265214097,"[0.2709048559584085, 0.14559221624527535, 0.42404422479900883, 0.15945870299730727]"
case_f43c9548e3b9cff0adb5,0.7821846028337793,0.49534052340476886,0.2053261816528826,"[0.20464728524287543, 0.4298831621805827, 0.2230569968620936, 0.1424125557144483]"
case_eb566c5f801050ec496f,0.7339614331012096,0.49008708088885244,0.2614875146614183,"[0.23410601538521492, 0.07475493694016323, 0.09941425673362153, 0.5917247909410003]"
case_d36f1ac162acc37f8ac9,0.7558140794427806,0.5201351420449067,0.26117402840545184,"[0.1338359720500539, 0.3733554911940612, 0.3310179750127586, 0.1617905617431264]"
case_04dd0fbf79fe5ada7312,0.6918862658605944,0.4535073037191597,0.2560832042602442,"[0.1163747827524087, 0.21207952232372493, 0.2863764709421524, 0.3851692239817138]"
case_ba18ffaaf91508dfad04,0.8563543064880722,0.6242939354957432,0.3226090103512528,"[0.05935590811719802, 0.08758091103517149, 0.11497958429991453, 0.7380835965477159]"
case_3c6176e112150e091d11,0.6973416077290094,0.5142463343827481,0.3511392579440445,"[0.30752059549452276, 0.32804438252355067, 0.23499776480714174, 0.1294372571747848]"
case_4132a3b955cd71319419,0.5471981688737872,0.34916411489304594,0.15838755007965738,"[0.45204185519217854, 0.1652437561994187, 0.23798049554431117, 0.14473389306409154]"
case_905b2f99289a7d7d84d3,0.7092989141493367,0.4447569045222458,0.2115402789189115,"[0.14927673584603945, 0.4522105580672899, 0.29543199119130725, 0.1030807148953634]"
case_ad152b410cd07572e00e,0.6378496527620703,0.37104712855530164,0.18765885533919396,"[0.5722790077231606, 0.1901751148578483, 0.10958956226233965, 0.12795631515665137]"
case_ada6a2d4ce0ca92f5c0a,0.7347868204344185,0.44522333184143315,0.20708504316271553,"[0.04207223546898387, 0.5294168155604422, 0.38035363395794125, 0.04815731501263276]"
case_29518e8acdcbdabfd930,0.784349680735285,0.5276729927707793,0.2764491954876788,"[0.1218639296282611, 0.41531620512609724, 0.3208796266944113, 0.1419402385512305]"
case_bcff72cf9338f0b55678,0.7850428382985605,0.5258993618563376,0.27065864887305496,"[0.023998048126699967, 0.062436744493200455, 0.4662741118839953, 0.4472910954961043]"
case_94d5b768ca50e920089e,0.7982541284799213,0.5062866843747214,0.24221866352651156,"[0.07017222763584866, 0.08164984099336994, 0.15643355464037398, 0.6917443767304075]"
case_7dd02335524029598d11,0.49082884762566026,0.2978293924007306,0.14111187393424263,"[0.048052826585091024, 0.1722694392986663, 0.3498978032387084, 0.42977993087753436]"
case_8469220e4c3b11fc5181,0.8642038612807419,0.7036365372162885,0.39658963240404055,"[0.194412344169678, 0.1635795814970115, 0.22998900825773183, 0.4120190660755786]"
case_af141484683efd000d4d,0.8019186188769644,0.5605671648127107,0.2827605673477225,"[0.10909464182051097, 0.2172503676801, 0.35604305675887515, 0.3176119337405138]"
case_4d29b18add106d50aba8,0.5963937365143115,0.34217818244890097,0.15953167708021393,"[0.2882925066594159, 0.18794723631859675, 0.1691586648795803, 0.354601592142407]"
case_0857feec1d1d577af4c7,0.730036585347109,0.4870205148138193,0.2605406832048746,"[0.06236317575407247, 0.34531210062754064, 0.3210505318550346, 0.27127419176335216]"
case_8f93ca74f4a9bcdbfe85,0.7529035784382909,0.5153287002176742,0.2512404487865454,"[0.4376653171350968, 0.3206269542570833, 0.15682461847938034, 0.08488311012843967]"
case_05e2c7de50bd2f639fa3,0.765182632999952,0.5104977423209458,0.26631877431100515,"[0.11601671277404442, 0.20888982720944602, 0.5529158251846812, 0.12217763483182822]"
case_034a02169718f5641ff1,0.7901419194873169,0.5506141401964648,0.2733129453132188,"[0.03915156148750488, 0.08562256484286401, 0.35013563310443446, 0.5250902405651967]"
case_feb22afdf90b02f1548b,0.7699876846930646,0.5143671127662731,0.25772886805245965,"[0.06784774939597277, 0.4561997538755399, 0.3186663210723221, 0.15728617565616532]"
case_66cc65321930844c7539,0.704666031465,0.4468121477261025,0.20840113178658187,"[0.05106254493992212, 0.23358691721189634, 0.5069652288259423, 0.20838530902223917]"
case_47ca1facaf974f640418,0.7727787682394577,0.5123261214805281,0.24803357572985352,"[0.044866434600863335, 0.12972080139682793, 0.1546192811191232, 0.6707934828831856]"
case_8b5f65ae88e15e77ac75,0.7805922713898983,0.5197381357841443,0.2652826518892174,"[0.3247789360604789, 0.11600636823965739, 0.1820729803833069, 0.3771417153165567]"
case_a45306490be4dbc43de8,0.7742793764767706,0.5091751423476685,0.2674003990313108,"[0.18718451325175597, 0.2991331418785879, 0.32377687475200123, 0.1899054701176549]"
case_38234a1769b92c1a3df3,0.8285369235246465,0.6033947406661009,0.3333376639919553,"[0.026127075792679613, 0.0991489229718527, 0.4081001780977474, 0.4666238231377204]"
case_8a6ba0cbaf158c9d9478,0.6136445533199746,0.33805051773648653,0.13221621541979345,"[0.2781734749447986, 0.1541626398037205, 0.2045098667903476, 0.3631540184611332]"
case_e8793859750b76600ffe,0.7733715281431106,0.5001647312678609,0.23013820203208424,"[0.16220600245191652, 0.3240432905749153, 0.27945070187796456, 0.2343000050952037]"
case_42566593a02ddbac65ba,0.7748082222226093,0.5143563858043654,0.2564398235652002,"[0.06917768566865094, 0.265430270636714, 0.5616568306026726, 0.10373521309196249]"
case_4ac1975a26ef518deb3d,0.6749078510915378,0.3960188022973964,0.17957835155924717,"[0.1608126368775596, 0.22962395374077757, 0.20025118836693417, 0.40931222101472875]"
case_ba97bea8184d0ad6c57e,0.6922921272204204,0.4265318773986316,0.21041204264755042,"[0.22376120614975842, 0.2057343488009452, 0.3572802548076712, 0.21322419024162514]"
case_fd6c847e191bf9bc6307,0.6427105417732552,0.4429579429107974,0.21272925550921942,"[0.11911684203818701, 0.06677366023421775, 0.08371679237062919, 0.730392705356966]"
case_f1642d2b1895dea35b6e,0.7923091810947319,0.5731486327369102,0.2555759425820892,"[0.16737424583297342, 0.21173786439107653, 0.25070687011937604, 0.370181019656574]"
case_3073271c3b23a2aa06a3,0.7290473330414853,0.4929381809200419,0.2636673465306016,"[0.03970961596611705, 0.06141711676401134, 0.24141099187164747, 0.657462275398224]"
case_8c263949fdba57307824,0.5738495465001472,0.3092140632022431,0.1634637238563958,"[0.11775338767176156, 0.11272812477571423, 0.17454646196334486, 0.5949720255891793]"
case_a6480dcf1d20865d6904,0.792465330726817,0.5094804088390775,0.24535778944832487,"[0.19803904744437528, 0.4097816595213903, 0.3278912761820943, 0.06428801685214022]"
case_dd54cfa881d5fee0870e,0.7496077367269194,0.4974344888218549,0.2397448487354043,"[0.10114953326511074, 0.3747608100507484, 0.4142797329861646, 0.10980992369797632]"
case_c113e2625893571c3f54,0.6629666895981581,0.4192059673042621,0.19503935090536084,"[0.10569138602835781, 0.26037886803442956, 0.22766952273167554, 0.4062602232055372]"
case_f0367e57a0424e550421,0.7549664451803999,0.505756322279634,0.25326640735169864,"[0.23654905338147017, 0.3577232764261603, 0.3252337539818028, 0.08049391621056666]"
case_65d5010f55725c9a8b05,0.7659436026584616,0.4954860792481319,0.26738747364904214,"[0.0747028343678868, 0.1332739509639912, 0.22349870288185292, 0.5685245117862691]"
case_f81e4aee03dea3851510,0.7980507670684017,0.5416472285918301,0.2752484884712387,"[0.07177111596180348, 0.13275110247982846, 0.282003063420546, 0.5134747181378221]"
case_cdf7ea962bd68312043f,0.7652731585902837,0.5082031041856172,0.2520117509658293,"[0.03695028670867602, 0.12978879349529154, 0.23261807613415808, 0.6006428436618743]"
case_ce26c1fe1caf5bfba3b8,0.6521363531200897,0.405220896019996,0.19368403590030853,"[0.10212334965138795, 0.2190805196288215, 0.32197236934807805, 0.35682376137171246]"
case_e693dbc5300d67e377e4,0.814040939353597,0.5823613799263825,0.31089991127632005,"[0.1994216238760598, 0.3410152714418354, 0.34177278683277834, 0.11779031784932643]"
case_0e812646d25d63c871be,0.7695520751555951,0.5143774588864458,0.25592776580161675,"[0.011151362614422664, 0.2700839114972284, 0.5771423129932466, 0.1416224128951024]"
case_be3fd443af96df5e707d,0.7519854894240621,0.4846358564514979,0.24828412571391126,"[0.10352717673670545, 0.42346057599939607, 0.4017957189959002, 0.07121652826799837]"
case_767d2ca29f5c4eb3d65a,0.531269498354975,0.37833391910633546,0.1887482409516582,"[0.1926978374702289, 0.09909432480957528, 0.1489632063881477, 0.5592446313320483]"
case_17611f93d3ade7b067f1,0.8428719848601522,0.5735363743769031,0.25443965604638014,"[0.16691588900588755, 0.13896488639899643, 0.18952776076072037, 0.5045914638343957]"
case_831b58a3e2b092675b32,0.7115987696481199,0.4363770178915256,0.23653529378699517,"[0.13774269193254027, 0.5456629540074199, 0.20039497715013618, 0.11619937690990365]"
case_b26d968132c32379ef75,0.7563788524902662,0.47177761792541906,0.24410002544477527,"[0.14625591964332915, 0.16833200224833061, 0.21966974752669716, 0.46574233058164305]"
case_37a3c6226ca44e68d682,0.549210088707009,0.33611903885369115,0.1615005662629086,"[0.34863371996714393, 0.3733221031558722, 0.15373124334942542, 0.12431293352755839]"
case_c793a4c2d69fc5f8c12b,0.7947645868775113,0.522142667918372,0.2556126276893735,"[0.24502718448638916, 0.24701996644337973, 0.43327174584070843, 0.0746811032295227]"
case_88ef33c77dc757b4eb9d,0.8324806406668237,0.5625325111711195,0.27414253894309537,"[0.044306809006015385, 0.4828556205482985, 0.437761110390828, 0.035076460054858226]"
case_091858df3fb8d604a412,0.6655296383082377,0.3909368786496352,0.18186898602475238,"[0.0931105629895477, 0.13554375854334808, 0.1643763511146964, 0.6069693273524078]"
case_2476f177c2ee7187ec44,0.8128262668697672,0.5298401294657519,0.26040733656113246,"[0.295347944352507, 0.18855086404632393, 0.1965852448998416, 0.31951594670132744]"
case_39976db74d95878efb47,0.6250613709204483,0.35765677294096265,0.15205996263412946,"[0.21161223585244723, 0.3290098457240019, 0.3067696533631182, 0.1526082650604327]"
case_d5852d86288ed0e442fb,0.7863184942284844,0.5364878086211464,0.2671754520345103,"[0.1132152230488112, 0.2341636275622877, 0.2761668785686389, 0.3764542708202622]"
case_e4e3f6a9a152b72599d3,0.7056182640103676,0.4388090162973509,0.21014769106586187,"[0.11382093736877588, 0.32085979954318156, 0.19882101869185925, 0.3664982443961833]"
case_6f58d772906ae08e7c71,0.7182822570955232,0.4598464460007607,0.22051268003904298,"[0.06074188871885905, 0.18845158126189132, 0.6479183540033034, 0.10288817601594612]"
case_4941724d0523a3a526dd,0.8377502410078856,0.572204860697926,0.27823728285143956,"[0.18357200781414396, 0.15827226180505202, 0.23739997541432634, 0.4207557549664778]"
case_87c3ea235501d457fd2e,0.7923581049603361,0.582266907805947,0.29479355662718937,"[0.21892798287884443, 0.26086681303778847, 0.1907453778163976, 0.32945982626696946]"
case_2033b0cd11753877efc0,0.7218286597201604,0.46835931030645583,0.2306647812848236,"[0.2671052700921631, 0.2023392806334333, 0.24620015796919587, 0.2843552913052078]"
case_09ab4b92b1224700a267,0.8099981218640684,0.600055040018562,0.32579517450048456,"[0.0673189715253263, 0.13522818175947068, 0.26241358112865376, 0.5350392655865492]"
case_8f9bdb942a3711e9794a,0.7434220343491007,0.4921320748317957,0.2446074917438109,"[0.12525380309482065, 0.11689325334956308, 0.24311623541179123, 0.514736708143825]"
case_91b3f5a75e2eed6dfd7c,0.6990883484167307,0.4298917769713382,0.2005950437690795,"[0.2988265106492495, 0.19595090031379958, 0.1742138700790142, 0.3310087189579367]"
case_2b40c0b5d87bf485d24c,0.8121570674619729,0.5625122993201828,0.2967404970617377,"[0.04674266385507088, 0.09250410115034344, 0.4041520640099344, 0.45660117098465125]"
case_6f28d860301c91a92f68,0.7345078758508341,0.46886766792577755,0.23918203816342778,"[0.011183252907470187, 0.07216765842784924, 0.21378502524091603, 0.7028640634237645]"
case_a7c5ea3d70585ff8d72a,0.7334555835419192,0.4537921301997721,0.20776372707179452,"[0.040875844420401354, 0.5466483294102629, 0.3747742508714493, 0.03770157529788647]"
case_d517e1ab42f0bff74de7,0.7529035724026177,0.4764030277694419,0.2415700791000511,"[0.19902426425761213, 0.46565585739859816, 0.2572996241364595, 0.07802025420733016]"
case_2edbbbe55e2db3666607,0.7727502916731779,0.4887881068428054,0.23634132789443857,"[0.04425145409845155, 0.3702685213941551, 0.5257952578005985, 0.0596847667067947]"
case_1f3009d8bf884da3feb3,0.5595158383496339,0.2994500711483181,0.15072069017136286,"[0.492056980334569, 0.1595314770704248, 0.14268849008721562, 0.20572305250779055]"
case_b1cf22724b5d5905e32f,0.8538113670728877,0.6241553119192063,0.3186235891982023,"[0.12743662546078363, 0.1339465007185936, 0.2430157462755839, 0.4956011275450389]"
case_28a78054abc1fdb0f1c2,0.665181049110208,0.42236589530388824,0.20071451272328422,"[0.05595523448918558, 0.3849911475680923, 0.37628357481111363, 0.1827700431316085]"
case_a0afb3d3c99b7ee5f236,0.8055227606281021,0.5528758533620364,0.272269143610225,"[0.048242311472851455, 0.158163902970613, 0.33170376189862155, 0.4618900236579141]"
case_7aad0e7bf75573483411,0.6824842690001405,0.40374033380028884,0.1681815752062292,"[0.0937324625946695, 0.06129648766963045, 0.1957965666355392, 0.6491744831001608]"
case_f07851ce3e0118829446,0.7960750884799555,0.5298586738001456,0.24756333514411477,"[0.10038468266622394, 0.4132741997969006, 0.388576578072152, 0.09776453946472342]"
case_965886c4eb0b3d2d5d0e,0.6325755891658862,0.3765483473500223,0.181875346944948,"[0.08631167327619066, 0.36760688918194373, 0.14622842011472767, 0.3998530174271381]"
case_f953263673f44aff3c3a,0.6864764878538429,0.4327347016727191,0.18906048197567232,"[0.08273432963935294, 0.11808891578813334, 0.21809368838160437, 0.5810830661909094]"
case_e0f8bd0cb1cbe860ca50,0.8261007593998149,0.5998515925472325,0.3037551385156454,"[0.09784187040419083, 0.12705265777950234, 0.6558991496360518, 0.11920632218025495]"
case_801c5bd218dca592a30c,0.7514595552572305,0.49892395898284336,0.2181006206419268,"[0.13226904490122368, 0.15925039074134642, 0.2768155586279707, 0.4316650057294591]"
case_15e7de4ee7d764556e6b,0.7632624021613057,0.47613500650127133,0.23985666234640723,"[0.09045243894734639, 0.2004003852665482, 0.28874852690222647, 0.4203986488838789]"
case_5b832017798cd270fc65,0.5213145099911831,0.2436968731020054,0.12848201709079443,"[0.042706695631668345, 0.10996330921179895, 0.269768082639283, 0.5775619125172498]"
case_c42c5e8a053b47fe8899,0.8247622991516348,0.57653379218413,0.30688160640190576,"[0.04944781821407789, 0.259152067354753, 0.5684439389392503, 0.12295617549191877]"
case_2825eca16c206c7f7785,0.4835514388054793,0.33166119348559153,0.1642303943843897,"[0.08395223069333342, 0.09321551492167965, 0.13603795411076286, 0.6867943002742241]"
case_cd539c5b01bd9afa402e,0.7121714656446282,0.43083671926920575,0.21484137317869914,"[0.11464258190067862, 0.3144687320450326, 0.29946714243887435, 0.2714215436154144]"
case_6a855558e2112190b982,0.7291516772953395,0.4584455278819991,0.23858421929415174,"[0.08577106382320748, 0.27394304924551033, 0.31771087521021474, 0.32257501172106745]"
case_26e940a3f812776d8d0d,0.7932992463906723,0.5429760017966596,0.2568167967721684,"[0.0953805580887082, 0.2005327341582899, 0.23129735936056803, 0.472789348392434]"
case_3093101f33439baa0b3e,0.6634043550731814,0.3936848185677095,0.1860813121197789,"[0.17160497519796836, 0.3889216890335755, 0.36813628380830704, 0.07133705196014913]"
case_f24ffcfe9d3b07a10078,0.7657187775085263,0.49166475274525595,0.25789103955974946,"[0.16095308579090264, 0.1725057082824782, 0.26859360816568434, 0.3979475977609349]"
case_a32ca0e557120b9a39a8,0.737008738401549,0.527555970676814,0.2721504069341889,"[0.07526379457823079, 0.10565407012795033, 0.43588821851019444, 0.3831939167836244]"
case_fc4875f937c0cd1396d2,0.7749603348590495,0.5252630038462405,0.23841077408665712,"[0.7635662357878957, 0.12760194311450127, 0.053313131430684925, 0.05551868966691813]"
case_361747e84c09820c9abb,0.7812438811775907,0.5106515667417262,0.25693715843511145,"[0.3768339779424545, 0.22071293356075308, 0.32792990699453967, 0.07452318150225294]"
case_5d59a9a9e5b4a2946d7c,0.7513130144979858,0.4810461688362646,0.24335931674617353,"[0.17940374686573626, 0.5060794416328201, 0.26789845362179543, 0.04661835787964808]"
case_f562bfbad804706dd8cb,0.6937014589681054,0.42997491206072624,0.1932535633034943,"[0.041572968502030606, 0.5027412539160786, 0.3798001183955611, 0.07588565918632953]"
case_69134573a841af78a2ca,0.7181586565455435,0.4620123997430471,0.23566324181515821,"[0.13045943841566363, 0.4715007368301388, 0.29211613680976695, 0.10592368794443054]"
case_36d1172016c4d7178e3c,0.733492688237029,0.46776433875723916,0.21657568524743087,"[0.22723649611698232, 0.5861310980307786, 0.07805816957576765, 0.10857423627647139]"
case_f73035b26ecf35c1c0e0,0.7395666136563039,0.46585638451851336,0.23153650329198944,"[0.08945547587401131, 0.13024000958641363, 0.29619342824648576, 0.4841110862930894]"
case_e0ffa5d2fb28ed2b41f2,0.7962444572241344,0.5840802414991262,0.2872054915512437,"[0.06025573961341478, 0.06342843648010826, 0.5450940807222299, 0.3312217431842471]"
case_0c1d1413420fe88f40ae,0.7427658697391761,0.4712862677276071,0.2373192478777103,"[0.1659193469492659, 0.23922990521560206, 0.4011004030595183, 0.19375034477561368]"
case_c37cfab13d0a5b728cdb,0.7311722615547251,0.4390229738420627,0.17346745404932584,"[0.1236013176147629, 0.07107243537499816, 0.17741688899705363, 0.6279093580131851]"
case_5477a7d8b7ff3356b614,0.8044775531016057,0.5572134034985474,0.2756501305523671,"[0.046040733790216046, 0.10845051094662478, 0.37773286897598524, 0.46777588628717376]"
case_95e3464e8ed1a2d040de,0.8018981906659348,0.5626260984948117,0.2876516474068824,"[0.21860953720468673, 0.3395423703794445, 0.36087208724714237, 0.08097600516872627]"
case_5a67d6a1bdfe5afd2f2e,0.557800869205053,0.3517630738944091,0.1747115494781904,"[0.0543024059622618, 0.49285883768246946, 0.40773150034125305, 0.04510725601401562]"
case_95f1bbeabaf13f111f14,0.7882480280103183,0.5162968335120102,0.2643255376423987,"[0.14612587301512975, 0.14635283384895512, 0.2564135509042499, 0.4511077422316653]"
case_99a5e0119c33b785c45a,0.7084693002924507,0.3901146743412854,0.15018948335884028,"[0.26675457176125833, 0.24860261071966824, 0.2111238165308558, 0.27351900098821774]"
case_9a4f58f8cf62273a5d30,0.768958331230873,0.5134027485581603,0.2687138397010832,"[0.05391664477365279, 0.09436340215373017, 0.3159642545031381, 0.5357556985694789]"
case_e49d1d28f5a09052922c,0.7239114555488771,0.5310213209481043,0.3640738383141936,"[0.16780110075224614, 0.2932393330342621, 0.4141563096581178, 0.12480325655537404]"
case_1b552aec1b5f31ca345f,0.6921187793618409,0.4324822824098317,0.21607347102159014,"[0.11492292671594195, 0.22659475303769283, 0.32186559487653604, 0.33661672536982923]"
case_5e2109031aba854f9ed9,0.7847187782302077,0.5467147874688999,0.2761228879891094,"[0.09166611418539326, 0.22323830485723362, 0.3924388971337155, 0.2926566838236575]"
case_fc2843bb606b5d3d3da6,0.7329613202391061,0.48585348381070836,0.2525918720701087,"[0.08023783613647432, 0.21754364625752856, 0.4492565480555955, 0.25296196955040173]"
case_b69db576862f53250b4a,0.8428292515453634,0.5374927600843482,0.22627087593593537,"[0.14312309683029276, 0.4825835616341788, 0.33925599790006383, 0.03503734363546469]"
case_02d9e1ffd34f6b06ba54,0.8355205623770567,0.5706402983772167,0.2791838284523307,"[0.2802948353790434, 0.27681422202636574, 0.20894018045356502, 0.23395076214102575]"
case_e9736f07551343fda276,0.7439825574111817,0.4476137467670747,0.17770297342051783,"[0.03220000074145692, 0.1856440592314209, 0.535841626177476, 0.24631431384964622]"
case_755258b33c25681ed980,0.7077381803508889,0.43295484444220067,0.175441846046301,"[0.33627454644202953, 0.1048838772696913, 0.15577964349282591, 0.4030619327954531]"
case_0fb11b4a559d8be1e8ce,0.540229362721566,0.30931158091152644,0.1662283818166543,"[0.6812219556199006, 0.14660134843905542, 0.07444313502841046, 0.09773356091263344]"
case_1ed7d16b41911dd92303,0.8112536885830599,0.5961099025065686,0.31083606736804226,"[0.191679502237238, 0.48177143177276566, 0.2580462309621087, 0.0685028350278876]"
case_ad177179b4b1bdea3295,0.7495455425536207,0.5152069351549899,0.2651536561616186,"[0.07340726939856118, 0.13582098158956396, 0.3067760238667518, 0.4839957251451231]"
case_0e45fb93cb32cc16367a,0.6825981268838803,0.4155547155960075,0.214676470399413,"[0.1937489580828981, 0.3370332029775648, 0.16709577580776427, 0.3021220631317727]"
case_5fc6422f6cbc57f2236a,0.7219626427199731,0.42145660601525686,0.17049398218786732,"[0.1250108110253506, 0.10521916247743542, 0.18573853997086728, 0.5840314865263466]"
case_97e917d4b198bf58aa1d,0.7854157281106123,0.5305846540679648,0.274844409714512,"[0.09238001096814887, 0.12544057705164816, 0.3502845667345012, 0.43189484524570176]"
case_9ea6b7f5d07cc325dd93,0.7282860185916441,0.47477980323148894,0.21910955792649042,"[0.16997351174487452, 0.15308089437784986, 0.21390545899434535, 0.46304013488293033]"
case_3ef3ff7f312bb36092f8,0.7417367270483477,0.4691359464571059,0.23360669167331494,"[0.07440337928622405, 0.48017983138002984, 0.3599180715804898, 0.08549871775325643]"
case_3a6cf3ceafbcc0af3c4f,0.6055740267918157,0.3309232551445663,0.15757680642330524,"[0.31944667356513473, 0.09071953661499163, 0.27465624450593384, 0.31517754531393977]"
case_54f4f4adc0646b012ed1,0.7766496394050432,0.5090214593724205,0.2572465013154589,"[0.292413046675127, 0.32605067146343353, 0.292961315062315, 0.08857496679912455]"
case_0ee52ef347c49f34f52f,0.7991511528584462,0.5545262904919408,0.2744336650465117,"[0.12304107361456958, 0.16036430180479924, 0.21900317317623466, 0.49759145140439653]"
case_c7d31cd82ac08b038137,0.7395629708328114,0.47712964509681854,0.24701592546475973,"[0.40467080593726157, 0.2775981996432114, 0.24332280727113156, 0.07440818714839542]"
case_2d86c0c1a854dc99770c,0.6827805790137185,0.41803387282947413,0.19357886164271332,"[0.1312064077379547, 0.26091928197162834, 0.2637668989418362, 0.3441074113485807]"
case_61d0957935fe03a78212,0.7394621533120574,0.4604302009290001,0.22103821772143709,"[0.060479692964554604, 0.18845269037174017, 0.5090343144808355, 0.2420333021828699]"
case_0f2008cd80bf316a96d0,0.807347623840589,0.5847168020188757,0.2684781568800523,"[0.3102612744189756, 0.42385012098904895, 0.16920762037200116, 0.09668098421997429]"
case_031e130e23ef2c9751de,0.7751460908273102,0.5132223036937742,0.268828817583529,"[0.09493843814994288, 0.11759034266672945, 0.1562504031850636, 0.6312208159982642]"
case_c30914664b4f65e22feb,0.8145687329514553,0.5528152732593322,0.27902947629657354,"[0.06433460719118557, 0.18273824329805913, 0.3413460576005321, 0.41158109191022313]"
case_4cb242a0e37d545d8624,0.7201422874592405,0.4614810735009482,0.2196520948987934,"[0.16635987079958187, 0.12834697898056618, 0.17095380439880586, 0.5343393458210461]"
case_a51e49c96189c079e01d,0.6578021919102572,0.4020263504552548,0.19502302978160535,"[0.20319980328480694, 0.37704417541060586, 0.3453809368801971, 0.07437508442439013]"
case_c278ed815d3ad6f2c292,0.7550460651004196,0.502732987771096,0.247074383750004,"[0.16516409903112655, 0.08999143431618079, 0.18862445399664032, 0.5562200126560525]"
case_0d8972277f3275286409,0.7335797904038088,0.5296743129651651,0.27025253870273513,"[0.18688078883807552, 0.48158979834507976, 0.2508538486510229, 0.08067556416582186]"
case_b6d986a00b5de55ee06f,0.7752487403095021,0.5062285196706999,0.25464663136127297,"[0.23031610038168893, 0.5815660419031717, 0.15769364519323595, 0.030424212521903363]"
case_3a108396382a0bc594fb,0.7066423619370662,0.4730548340927895,0.22320491907846413,"[0.22079604035215608, 0.23529995904838016, 0.2168731308247134, 0.3270308697747504]"
case_4c581c8693a9105b7016,0.6492059200049844,0.411599349340107,0.20784831598317,"[0.19484325805054173, 0.2192073340580729, 0.23020066660250557, 0.35574874128887984]"
case_6a2042a6606d21c2339c,0.7994418674565164,0.5610802185455787,0.27920569412845253,"[0.15142319592341483, 0.055620508405884644, 0.17537446664320766, 0.6175818290274927]"
case_f472d5ab6edc2cdcf178,0.7448026733098596,0.44247330290876663,0.1739547740223849,"[0.09715924320502846, 0.08673761304168523, 0.3261378857490824, 0.4899652580042038]"
case_ef31370a63eb18bde460,0.7432109103010527,0.4897429936633268,0.23377025621990422,"[0.2120154025856123, 0.2914938296463203, 0.14526873158270764, 0.35122203618535974]"
case_ed07884bf23025eff274,0.7948990340462254,0.5127158980558675,0.23100088280775594,"[0.05271783718849629, 0.18598651562974924, 0.5549996599120639, 0.20629598726969056]"
case_8a5c9961637ce165557f,0.6632231869439857,0.38623211614117126,0.18856877017143892,"[0.10226988258327996, 0.3170534383087079, 0.5218393458160444, 0.05883733329196771]"
case_8e212d39ae240d0043f3,0.7224656584948745,0.48578020479353934,0.2741373011013557,"[0.1460811239051372, 0.1787867971743426, 0.33848647918357533, 0.33664559973694486]"
case_36f934d78c75a0488d4f,0.742168620993966,0.46765299947105965,0.24325902173704042,"[0.08772968731760242, 0.24446414016431345, 0.29926916970498957, 0.3685370028130946]"
case_ab746b4d79eb11118255,0.7643643564531647,0.5249397735777579,0.2846140490839535,"[0.04449889700140772, 0.23850582130931627, 0.32627338656407917, 0.39072189512519684]"
case_8a0899cd6f104de2f7aa,0.834122904391315,0.5925535946633176,0.29702658507960683,"[0.07309694304786395, 0.0787793576112823, 0.31358432194743496, 0.5345393773934187]"
case_21a3202097239b8490cd,0.8028641739567393,0.5223230165564134,0.24871887154170008,"[0.04168882107094668, 0.15563099654530246, 0.412223705315439, 0.3904564770683119]"
case_5383d06bd6f2e1e191a7,0.8105575153413589,0.5850730677457644,0.3011235746180916,"[0.06899285504947456, 0.40297169594141014, 0.4320377527485671, 0.09599769626054828]"
case_b4326ecefb7d2a9e6697,0.7982404459993171,0.5389018945286252,0.2692415151127981,"[0.10911573659333128, 0.40108058553825837, 0.38744912225043737, 0.10235455561797292]"
case_cdd63b0150c862025072,0.6635919162541575,0.41396665344387756,0.2187743469118054,"[0.25626556396814143, 0.23237404515810364, 0.3597349668509633, 0.15162542402279158]"
case_34e02cf977b12dacf773,0.6105379482773186,0.3438934215813562,0.16924255781540937,"[0.6275859615412196, 0.18407028331516323, 0.08971051078884451, 0.09863324435477255]"
case_ff541f1908883e2ab479,0.6931127963477014,0.4239671830141625,0.1918077995401656,"[0.057101646439136546, 0.5828176510839301, 0.32656665926809536, 0.0335140432088378]"
case_14a2b3fff6011ac233de,0.8534186882173211,0.5774419814218316,0.30444220857717613,"[0.07847250569525802, 0.5240638102944278, 0.3278374899114947, 0.0696261940988195]"
case_0081bdccda47f17415c4,0.7729123040858317,0.5229574321826471,0.25660474759109253,"[0.22079272952067136, 0.08896425272710565, 0.18107333100714615, 0.5091696867450769]"
case_bfa661634b7bb5f330f5,0.7838561141735223,0.5158049908706986,0.26655009989891215,"[0.3575373860544052, 0.22582686584335357, 0.30403800497476013, 0.11259774312748103]"
case_b12b9d0eadef4c490db8,0.5944240113755418,0.39439666074961177,0.19849409484995312,"[0.15722023017847905, 0.2889253467863331, 0.21950618074693287, 0.33434824228825505]"
case_66d7b25d69959b235b3b,0.7679029788490994,0.49594940068594384,0.238906854108609,"[0.15902167219938507, 0.26644408470833386, 0.45430746132440825, 0.12022678176787278]"
case_a4c223080a0966c05089,0.6194355593939598,0.40287721429326134,0.21517099928071626,"[0.021019227854955268, 0.16032722135466143, 0.5372563812565218, 0.2813971695338616]"
case_4fbad0d64bbd4b8905c8,0.6041588904625967,0.3173039722032576,0.1542193393292331,"[0.2268142080339985, 0.09284210909301782, 0.2832519276670301, 0.39709175520595363]"
case_5119d2593b06fda497a5,0.8278981717241896,0.5959633575525651,0.33949078266879673,"[0.0899685699549122, 0.6029711474268159, 0.26781892762007126, 0.039241354998200695]"
case_19503d118fd85c1b3b8a,0.7943884196845523,0.5461113790449753,0.2840304830819625,"[0.060960511563035, 0.32954695604914447, 0.49130666421704816, 0.11818586817077237]"
case_0d3c8a9a6294543b0dd0,0.7846207416462244,0.4882896016308935,0.22862253077929523,"[0.04717381736668675, 0.12930688846475275, 0.2222181282662088, 0.6013011659023517]"
case_6b460eec72db0dab2dae,0.7607871769227343,0.5041363888581896,0.25547337741605514,"[0.1489534876606781, 0.6499791352078059, 0.1386217625670405, 0.06244561456447543]"
case_4adb9bc0b1a09d2ea315,0.6482616164186727,0.4333625981074189,0.21697073836581132,"[0.10493705305179274, 0.32785160196343455, 0.31107409706950845, 0.25613724791526427]"
case_30b00e935d128631a4b4,0.7949551560929647,0.5499748458408314,0.2878511988998944,"[0.15697443382747495, 0.37112339998257504, 0.3462491653456229, 0.1256530008443271]"
case_64baed99909914634975,0.8260914378476393,0.5735546876380502,0.3062194233221161,"[0.11505708381953934, 0.308661034683692, 0.23580230729646454, 0.3404795742003041]"
case_499c1434dc80bfcc9d15,0.7580266603049284,0.4933217206991519,0.2353550898117489,"[0.04878663423087926, 0.3936870516600797, 0.47851489030291855, 0.07901142380612247]"
case_aa6261618b325a507c33,0.7068291887667693,0.4344428257878315,0.2080611768258985,"[0.0570872121972155, 0.5975112187087548, 0.295381430112363, 0.05002013898166673]"
case_2cf56ede2a7030f67f2c,0.6410769866648529,0.3425905060619632,0.17552054959947816,"[0.0741599250963281, 0.11345389611156843, 0.42706588734499124, 0.3853202914471123]"
case_7d9c3cfb9fd7c66b29a1,0.7418926579734202,0.4951913190949209,0.2476179190045818,"[0.11015500072486079, 0.4600138990830251, 0.2381896441069099, 0.1916414560852042]"
case_6635a66c59515a2b5af4,0.778542116470787,0.487374607107362,0.24710600571207253,"[0.08737565967629819, 0.32280975036466003, 0.29936803725516964, 0.29044655270387215]"
case_5e33224a72a465304a42,0.6935844058942583,0.4466507256363954,0.21968669313034778,"[0.06107706327784564, 0.34185166206877143, 0.5240723550813554, 0.07299891957202743]"
case_5e677a0f932d0a013dc6,0.8235732190261014,0.5830502421864844,0.2916742923790008,"[0.06662855794103398, 0.20091971380785642, 0.32152170834091104, 0.41093001991019856]"
case_219eda668bbbb6f7b48e,0.6158409161760824,0.3575099070457416,0.18354440258589833,"[0.1333297590414683, 0.17393785218397775, 0.19696511328220367, 0.4957672754923503]"
case_84ef10805b70d4270c6a,0.8271313136610609,0.5485018930891203,0.26986053436369456,"[0.053910752171935236, 0.5082628596252523, 0.36424313906489886, 0.07358324913791353]"
case_f1567fff963d8ba3564b,0.7513548033832922,0.4756146997478134,0.24064335914819468,"[0.2900566363717734, 0.46694933747778344, 0.1769753156287344, 0.06601871052170874]"
case_5421f699c71a49bd7719,0.6683343407634977,0.3753903735906873,0.17712401458652421,"[0.11293328026649097, 0.11235042259611852, 0.17733475323681744, 0.597381543900573]"
case_8fab9b60aeee2109e229,0.6025292230435756,0.35399995908519977,0.1635730491268507,"[0.13422749988249813, 0.46365028662694635, 0.2214251259784553, 0.1806970875121002]"
case_bdff39264fe8e19a4692,0.7386826779459272,0.4644922256915379,0.21666034947706359,"[0.14057346390549103, 0.14664099590563018, 0.27700884541152665, 0.4357766947773522]"
case_b783cd365fc561c2907b,0.6565421704407162,0.39214778970118136,0.19958210396218756,"[0.16142365600396227, 0.12391157327359201, 0.2175450309849273, 0.49711973973751844]"
case_e7f17a138cabda8f22b5,0.6911070316858696,0.4242502709337404,0.22543381882523522,"[0.3612454980938379, 0.10871753072255248, 0.2171877121067732, 0.3128492590768364]"
case_ff6d2251a9b0db9a0a53,0.6076263320320202,0.3593217246345685,0.1807968775736372,"[0.11427368922568218, 0.6952321529268467, 0.13569458713255264, 0.054799570714918436]"
case_d4da733401185f829042,0.7620435958599923,0.4864287986172795,0.24409673735037735,"[0.05442280710471456, 0.21284345593017803, 0.3681513918361825, 0.36458234512892485]"
case_a080a163f3e75943aa90,0.7128830515989926,0.45029639161423096,0.21864778103224597,"[0.09120823058263798, 0.5297862934754731, 0.16804612941411515, 0.21095934652777396]"
case_2f2f9ebf4fad1fce3744,0.8395928821573451,0.6073227225490597,0.3241291568904067,"[0.1776120799616746, 0.589257378753018, 0.18310554930697456, 0.05002499197833267]"
case_aa08af1ed4d0161c05df,0.8122924787208177,0.5382386997233026,0.2962789413504595,"[0.12740638278700306, 0.17536074236790614, 0.20301572557420428, 0.49421714927088645]"
case_2b7567fc9c1bd91b4825,0.7030103189618382,0.4332078115792031,0.21132704813587672,"[0.21647770743761727, 0.1546633455818729, 0.144873014213468, 0.4839859327670419]"
case_0ef9f5ca78e46cba3719,0.6659428698405434,0.395676442588592,0.18241131297918417,"[0.06019800225082169, 0.07378547674820553, 0.2297856211926147, 0.6362308998083581]"
case_880fd13bd8fbd098b471,0.7097575253339314,0.4193999216334862,0.17610499489392561,"[0.35694501601781725, 0.21473129573608848, 0.2514140612451398, 0.17690962700095433]"
case_49e45684622f99629e7a,0.7416336504945735,0.46171063706050514,0.21208098686030774,"[0.05131506636301621, 0.5196253469545047, 0.3857107644725231, 0.04334882220995602]"
case_b388b0add47454188527,0.782696458652218,0.5660980600682799,0.2877725637066272,"[0.03178000470786039, 0.09419426944226048, 0.21398581285420676, 0.6600399129956724]"
case_7a9d58f4ecf47c5ec58a,0.7650263123333477,0.5205063671610618,0.24941335849191798,"[0.14231120973626554, 0.15807668511398096, 0.18161077888186522, 0.5180013262678883]"
case_6b3588f25119ce4df4f9,0.725164516108672,0.44546512500079566,0.21027654752660085,"[0.05198544395995886, 0.31731177653917175, 0.2856010830143846, 0.3451016964864848]"
case_23800b61c0fcd17d1efc,0.6933863044293324,0.41753887220372066,0.1953740171521921,"[0.0820140985794398, 0.0471633180227299, 0.12629483917339676, 0.7445277442244337]"
case_a54ad8ccf21c291f279f,0.8265929164035744,0.5499502106566084,0.295639519474654,"[0.0626541499450965, 0.08864452699165867, 0.2774746105613036, 0.5712267125019412]"
case_5552e91c8f9bfe39d4ba,0.8104025525244765,0.5551067547831792,0.28927936591783887,"[0.0681083812826297, 0.2055308451884329, 0.39399598708017214, 0.33236478644876527]"
case_18b8b69f38b9f24af33d,0.6927775050513955,0.41639810916435227,0.19506675227164272,"[0.08045975064637545, 0.20963897489939237, 0.20948957088891046, 0.5004117035653217]"
case_0972a6ea23231b474a4a,0.7175991371696127,0.4620786172957899,0.21946701696578563,"[0.12371676886284087, 0.14594401796398485, 0.2361591606967009, 0.49418005247647345]"
case_0772c81dc6625a3d99d1,0.8199318376563017,0.5824150853283958,0.27762206776604686,"[0.12483009370655725, 0.16503816248711606, 0.2766786962453497, 0.43345304756097697]"
case_f94e8616b5c16c0f9849,0.8003097640131737,0.5556311111572204,0.28738754152020446,"[0.02704349442166536, 0.1278326879481867, 0.32980055784100776, 0.5153232597891402]"
case_2c6db20eddf156204460,0.7210213436693881,0.44895424084217095,0.21522165096116816,"[0.1148342822204318, 0.35172097401205366, 0.4482897458831629, 0.0851549978843518]"
case_a92706ab69ce33f39cae,0.8114728869143553,0.5641463813287204,0.2859866788136321,"[0.04720094661916031, 0.48506185834913745, 0.38150952167856306, 0.08622767335313923]"
case_69a53a31e4b53271ea93,0.7292022245860491,0.47596049215548125,0.24246419269474434,"[0.24846202138905668, 0.4700912517783231, 0.22799028386696468, 0.05345644296565545]"
case_05240b83f0f4904dfc19,0.5332785093608814,0.304573952337028,0.16994638482040947,"[0.06498040207329346, 0.21193485198842196, 0.27870761666244337, 0.4443771292758412]"
case_ba66fb2b80c5fdec71fd,0.8361304607514772,0.6133829633631517,0.3104177178805178,"[0.06420361931916456, 0.4864519289488402, 0.367691493355319, 0.08165295837667624]"
case_3bd1091e052f24f960d6,0.6983730588172563,0.4132559379334756,0.20349241230058335,"[0.07545430541264825, 0.32674131060473177, 0.34824693417990604, 0.24955744980271397]"
case_08d365952f7e16a426d6,0.7477292102099876,0.41875926189631824,0.19439359613766666,"[0.0529085067569524, 0.08220246003807362, 0.47620932473952604, 0.38867970846544797]"
case_1860e069bdd81045b981,0.7277085225306184,0.4708910848324156,0.17607259365219063,"[0.6855397851635692, 0.11411050841334427, 0.06590448416697615, 0.13444522225611036]"
case_ab94f03d3f6293ea1374,0.76613487834886,0.5000874812692715,0.27077619051947494,"[0.040097052659174334, 0.4186197162376183, 0.29026021727915857, 0.25102301382404896]"
case_89c8138bfaa5df3b2f5d,0.8250117016075476,0.585384973154446,0.3229505754851839,"[0.18992251249208497, 0.4534354369566218, 0.29524517752388885, 0.06139687302740435]"
case_ad2594c4aa9e7070cb33,0.7702485258613165,0.4706443929649149,0.236194484945901,"[0.024214739845836844, 0.31011880949576054, 0.33313386121867433, 0.33253258943972813]"
case_7c72a69b9326ef43cae5,0.7961682551656176,0.519602551652333,0.26024500643525067,"[0.26247839393693606, 0.17629426396185421, 0.18335038108975074, 0.37787696101145907]"
case_b8592130feec715f4833,0.8108232180096333,0.5246669135549712,0.2548578356294348,"[0.058452186351722585, 0.47658977271837655, 0.37114610000635473, 0.0938119409235463]"
case_20fed67fefb5fc3ebf21,0.6955183866499427,0.44808898490639876,0.22209012839191933,"[0.0467149469520941, 0.11054920775794562, 0.2169649375702606, 0.6257709077196997]"
case_eef4c6f06c857574fe66,0.7648928431967192,0.5864651869835057,0.35253247133804766,"[0.18433662660749442, 0.4660292940038975, 0.15943601896645615, 0.190198060422152]"
case_56855615fae83b25cb55,0.6760560773715144,0.37823011402021767,0.15270605281683652,"[0.13055183927157898, 0.4121302070338602, 0.3682186317988311, 0.0890993218957296]"
case_8752dc1c2e57d4b5e9fe,0.7818429556687256,0.5649946607519608,0.3466278965783739,"[0.08605638480242475, 0.14458246921084789, 0.2428714756456164, 0.5264896703411109]"
case_2abf8355628bacf57151,0.6738506527579393,0.43567948560373637,0.2145315232031733,"[0.264446002967889, 0.089071358293829, 0.16903102929557035, 0.47745160944271164]"
case_b0f20175f04e4d0f444f,0.7058039208064701,0.44573857001187706,0.22265375807666543,"[0.20413460029957792, 0.1522974349216009, 0.16522444538437656, 0.47834351939444464]"
case_989c6385062771f7efa9,0.6775995527959984,0.39875443349480194,0.18544704650334173,"[0.13052024940649667, 0.1871719236175219, 0.18381384760141373, 0.4984939793745677]"
case_a7b3372e46677f8620eb,0.7355155925371444,0.45773028762918944,0.21281126526958677,"[0.029035379643565246, 0.36175388070159703, 0.5553582657627795, 0.05385247389205817]"
case_5ff3ca949d56bbf2ece7,0.7733380323597117,0.5265454932130961,0.2793256873582591,"[0.06121732020896732, 0.3247110599160217, 0.2844461820522167, 0.32962543782279424]"
case_7a2ffa4375dc86ec3328,0.6429509654314691,0.4328471633174652,0.20221472186244116,"[0.10082466626955901, 0.2550738199177538, 0.3315406085760877, 0.31256090523659963]"
case_625698cc6d9830aae364,0.6437546293563079,0.40177550709036275,0.19257236927543164,"[0.21821012099583945, 0.31840404371420544, 0.2975485473871231, 0.16583728790283203]"
case_948598b44aa0a85f7f16,0.7172162250997102,0.44847818762294817,0.21992336498791246,"[0.05488573886629755, 0.4814170457093193, 0.2886004332970879, 0.1750967821272952]"
case_c9f83f4009662c50238a,0.7212932315419285,0.44767390702083587,0.2190311430812858,"[0.0701199200504023, 0.5902402415629234, 0.2245619103922494, 0.11507792799442493]"
case_4d2d216ffa3ec50c893d,0.7675720690073837,0.5149668711986658,0.26261796074401245,"[0.012396632657790887, 0.03132987804099638, 0.13387802862592582, 0.8223954606752869]"
case_36e128cca28d4bf0ad2c,0.7065838142532975,0.4708191805202076,0.23731043381821043,"[0.31710911396755387, 0.30840381596977745, 0.2845959379698344, 0.08989113209283436]"
case_3d33dcfc895d657476cb,0.8444747059756885,0.5690068907246442,0.24930302122363068,"[0.14396162295351025, 0.12307604868442802, 0.19147165568800856, 0.5414906726740533]"
case_1e6df4bc2b4649351a8b,0.7395578418591582,0.506543029473828,0.26355383124755827,"[0.12866016051819326, 0.1461065174665679, 0.13746241821503685, 0.587770903800202]"
case_32d1eb1715353e21bb23,0.8372886457246549,0.5783244709981217,0.26666399458975354,"[0.13630281828824836, 0.40815236992135845, 0.39565999593233053, 0.05988481585806262]"
case_444bef4f8b391e1f70ae,0.6884140518809898,0.44719714395757837,0.20763604335755045,"[0.18081598498888748, 0.2747951166617795, 0.3916618790682454, 0.15272701928108764]"
case_f3ee2e8cc59d7a20671e,0.6346160042131102,0.4125115897533753,0.20244081082389015,"[0.16049820681413016, 0.26235490043958026, 0.2316084752480189, 0.3455384174982707]"
case_1e6909bc471f864ea0d4,0.6807886370238311,0.42591027382322755,0.19559345367845596,"[0.1381994989424919, 0.2959651465016859, 0.3139954075912406, 0.25183994696458156]"
case_e2d3303e6751ad3a7d2e,0.7921636686962055,0.5341932954591468,0.2756272355633746,"[0.09202872239557089, 0.27055422532199386, 0.3871182113565957, 0.25029884092583965]"
case_65671f3ac06f6f0594a7,0.752307574952091,0.48641308991787896,0.2504748229159169,"[0.07269404101544132, 0.13103969427704734, 0.23848009665429618, 0.5577861680532151]"
case_1f9beb5ed6a16a4b3037,0.6915441462090999,0.41474480967759647,0.18369471271400192,"[0.10353521154785941, 0.1475456665203406, 0.430128609834824, 0.3187905120969762]"
case_63de8f48ae37ec04c59b,0.7541961024455184,0.4478178754045483,0.21320508530711,"[0.057324176239006666, 0.15364937618774666, 0.3857667888892973, 0.40325965868394936]"
case_331eabbe47b6566ab3a5,0.7296426914768872,0.44264853404850957,0.22902620260999756,"[0.39830491738130486, 0.18072122942847468, 0.28591088028571765, 0.1350629729045028]"
case_d3d55431952d75b99536,0.7505578825700787,0.5760585648016574,0.33033899297019254,"[0.07143974632372616, 0.5427255596796325, 0.30862332192173025, 0.07721137207491091]"
case_2d67f0de06daa4c13808,0.6967615967518901,0.4782121117911613,0.24317153742387382,"[0.06789398174211671, 0.2565451359236398, 0.12308341501601283, 0.5524774673182308]"
case_cdca37e9c48022aa8884,0.7549307887193083,0.49053795852231163,0.2607478624468074,"[0.034267358180141934, 0.0832985734253368, 0.31316720737610515, 0.5692668610184161]"
case_5356e9edb2333cbfdbc2,0.6655160280991612,0.4332788429569986,0.28470864360767767,"[0.2337995613406298, 0.42203884920304197, 0.1960505805191635, 0.14811100893716475]"
case_cf8a8aba482224f0760d,0.7747142639960183,0.5214625749518998,0.26655474758975095,"[0.18269223134773493, 0.5846432776793576, 0.1493950792763524, 0.08326941169655497]"
case_c9b41836a42374f52e49,0.7583856942890522,0.48836927877779335,0.2505662402647779,"[0.06497754059765427, 0.2513553115026855, 0.4264096355476533, 0.25725751235200695]"
case_45b7d7aadd03c509da90,0.6589520621898113,0.3765224491131776,0.1538117352097365,"[0.2599566741256504, 0.24644815709937748, 0.19722500373801863, 0.29637016503695346]"
case_6398a1188edce03081af,0.7874531003859234,0.555562086973637,0.27895881166584696,"[0.06351484619502107, 0.3106517828394869, 0.5340221785918011, 0.09181119237369091]"
case_6c558afffcb23de0726e,0.7625766177455302,0.47523983558134103,0.24337354855583354,"[0.3672014162679267, 0.27039245294345626, 0.26374376851765713, 0.09866236227095987]"
case_ae193916a3b5bd71ab0b,0.8188504965836403,0.5821749076592095,0.3133876472212066,"[0.170143319255002, 0.49498910152055087, 0.2566279640922302, 0.07823961513221694]"
case_6acd26a2ff42e2e4f908,0.7502614629632145,0.42250784736305375,0.19479346678647658,"[0.09459210098258693, 0.25587215121539486, 0.3796779626844251, 0.26985778511759306]"
case_c686d91b3df227a3bfb9,0.8321354731775072,0.5864286372085371,0.29015526639685707,"[0.034488574269960375, 0.0496899370050171, 0.2418944281668986, 0.673927060558124]"
case_f16119035afd389229c0,0.8194214077448322,0.6027351911204463,0.2941082361185091,"[0.10224865924442142, 0.2816283120792524, 0.43644451318405325, 0.17967851549227296]"
case_03fbd2cded49a57f48ba,0.7940408272542036,0.5373979717258435,0.28035267874252046,"[0.0567113115829378, 0.14638918483594265, 0.24426020795659967, 0.55263929562452]"
case_d706b6c27c83e24e4bd9,0.7310882812522247,0.45373038601147475,0.2522544754855612,"[0.03079671811752092, 0.23379516188323635, 0.37719860807613287, 0.35820951192310996]"
case_b077884b5d013e288dcb,0.8271999955128141,0.5903371102956012,0.396169027213879,"[0.11284231836152718, 0.1075182880632072, 0.25054513430256714, 0.5290942592726985]"
case_dc66b0abca91cc357a2c,0.6210711970245584,0.41240666482275523,0.21593140060962301,"[0.07793188285381683, 0.25083578936132944, 0.17969666784234345, 0.49153565994251025]"
case_a0f0b1d481247ebb5253,0.7471510331894751,0.49684137198432266,0.26042929539224263,"[0.2442707685191051, 0.5641112933171232, 0.1562070446491363, 0.03541089351463551]"
case_78236dc4e71280cda005,0.8380680824902725,0.5723742736525518,0.26425124027763863,"[0.17754656877253033, 0.617634281078123, 0.1620792284091505, 0.0427399217401961]"
case_4810c54a94c38ccc4f2d,0.7865834933668998,0.5245261862492818,0.2691114982288321,"[0.1431705034563573, 0.10059871412888012, 0.26536341541181435, 0.49086736700294836]"
case_594f64bdf4c1a3641b69,0.7729848369368736,0.4900236603092022,0.23075377362519048,"[0.029228481142638832, 0.07245073541715563, 0.4440671946400831, 0.45425358880012245]"
case_5127615c5ccfa87a59b8,0.8301390651465177,0.5727716738593751,0.2709142191356655,"[0.17473748196112004, 0.12225914158727372, 0.21499712605031485, 0.48800625040129136]"
case_c4e11742445a08491502,0.7214137083482297,0.4316366752923294,0.21407311701676643,"[0.06183720852420194, 0.14452188198614177, 0.30644041297799024, 0.48720049651166597]"
case_a90e3d05c4b95f926e88,0.8309307915661373,0.5965881483871758,0.31258827618786933,"[0.07716694187538355, 0.40542808967119415, 0.42269860494783223, 0.09470636350559015]"
case_b944343fc9e2052b426c,0.6552119821789266,0.4168720261888511,0.19501627621460224,"[0.11383326820077184, 0.06775325519901203, 0.11878138999446884, 0.6996320866057474]"
case_54970a33752f73ba9a6a,0.6226071816910104,0.3327451749437702,0.16162884706126368,"[0.3042842340859665, 0.13685432290818708, 0.29786325917178574, 0.2609981838340606]"
case_5be26c221c36c5e0adb9,0.7102340058347557,0.45255707656072947,0.21390807479984747,"[0.0830047107859861, 0.46880726430804454, 0.37826257474394426, 0.06992545016202517]"
case_434bd13172b839b8cc28,0.761944058837351,0.5106769576591774,0.26274872300980456,"[0.0836594917107342, 0.12314122246666019, 0.36636065670823464, 0.426838629114371]"
case_20e6a6243fcd299f2b67,0.8297005066131836,0.5897967137487226,0.31667329220431234,"[0.06767035109506082, 0.08394460824663064, 0.2877703589215232, 0.5606146817367854]"
case_7fe1bb1476f90e4064a6,0.8191491578284468,0.5720914764067576,0.29172964798302164,"[0.031064902696773387, 0.22421843428260518, 0.6163470386300958, 0.12836962439052557]"
case_bc3a697651b742d525ce,0.7770758302883833,0.48470700719090387,0.24569511310629097,"[0.05483754781950099, 0.3979894479814861, 0.26937775370655326, 0.2777952504924598]"
case_93bb6fe7521f1b3be376,0.810843549188776,0.6063102690864871,0.2874610874085573,"[0.1292977615890237, 0.20429545296452034, 0.22650693029046254, 0.4398998551559934]"
